Workbook

Sheet DB Trckg Summary
A1: Ach Oct | B1: =B15/B2 -> 0.14127219 | C1: =C15/C2 -> 0.14127219 | D1: =D15/D2 -> 0.15310651 | E1: =E15/E2 -> 0.18047337
A2: Target Oct | B2: 1352 | C2: 1352 | D2: 1352 | E2: 1352
A3: Salesman Name | B3: Sum of MSS BB | C3: Sum of MSS Dc Inst | D3: Sum of MSS Milo Ton | E3: Sum of MSS Milo UHT | F3: Distinct Count of Outlet[Outlet code]
A4: (blank) | F4: 1
A5: Abdul | B5: 49 | C5: 27 | D5: 41 | E5: 56 | F5: 69
A6: Ajeng | B6: 6 | C6: 5 | D6: 7 | E6: 6 | F6: 7
A7: Akbar Sobirin | B7: 8 | C7: 12 | D7: 9 | E7: 19 | F7: 25
A8: Al Setyah Anggun | B8: 21 | C8: 21 | D8: 22 | E8: 31 | F8: 44
A9: Belum Masuk JP | B9: 1 | C9: 0 | D9: 1 | E9: 1 | F9: 2
A10: Eko Prasetyo | B10: 21 | C10: 18 | D10: 17 | E10: 27 | F10: 41
A11: Fariq | B11: 28 | C11: 33 | D11: 33 | E11: 25 | F11: 53
A12: Supri | B12: 6 | C12: 3 | D12: 2 | E12: 10 | F12: 16
A13: Tuan Suhanda | B13: 25 | C13: 35 | D13: 36 | E13: 25 | F13: 53
A14: Watinah Amalia | B14: 26 | C14: 37 | D14: 39 | E14: 44 | F14: 66
A15: Grand Total | B15: 191 | C15: 191 | D15: 207 | E15: 244 | F15: 377

Sheet DB Tracking by Slsmn
A1: Visit Day | B1: All | H1: Visit Day | I1: All | O1: Visit Day | P1: All | V1: Visit Day | W1: All | AC1: Visit Day | AD1: All | AJ1: Visit Day | AK1: All | AQ1: Visit Day | AR1: All | AX1: Visit Day | AY1: All | BE1: Visit Day | BF1: All | BL1: Visit Day | BM1: All
A2: Salesman Name | B2: Ajeng | H2: Salesman Name | I2: Watinah Amalia | O2: Salesman Name | P2: Tuan Suhanda | V2: Salesman Name | W2: Abdul | AC2: Salesman Name | AD2: Akbar Sobirin | AJ2: Salesman Name | AK2: Supri | AQ2: Salesman Name | AR2: Fariq | AX2: Salesman Name | AY2: Eko Prasetyo | BE2: Salesman Name | BF2: Al Setyah Anggun | BL2: Salesman Name | BM2: Belum Masuk JP
A3: MTS001 - Ajeng | H3: SMC001 - Watinah Amalia | O3: SMC002 - Tuan Suhanda | V3: SMC003 - Abdul | AC3: SMC004 - Akbar Sobirin | AJ3: SMC005 - Supri | AQ3: SMC006 - Fariq | AX3: SMC007 - Eko Prasetyo | BE3: SMC008 - Al Setyah Anggun | BL3: Belum Masuk JP
A4: Outlet[Outlet code] | B4: Outlet[Outlet name] | C4: Sum of MSS BB | D4: Sum of MSS Dc Inst | E4: Sum of MSS Milo Ton | F4: Sum of MSS Milo UHT | H4: Outlet[Outlet code] | I4: Outlet[Outlet name] | J4: Sum of MSS BB | K4: Sum of MSS Dc Inst | L4: Sum of MSS Milo Ton | M4: Sum of MSS Milo UHT | O4: Outlet[Outlet code] | P4: Outlet[Outlet name] | Q4: Sum of MSS BB | R4: Sum of MSS Dc Inst | S4: Sum of MSS Milo Ton | T4: Sum of MSS Milo UHT | V4: Outlet[Outlet code] | W4: Outlet[Outlet name] | X4: Sum of MSS BB | Y4: Sum of MSS Dc Inst | Z4: Sum of MSS Milo Ton | AA4: Sum of MSS Milo UHT | AC4: Outlet[Outlet code] | AD4: Outlet[Outlet name] | AE4: Sum of MSS BB | AF4: Sum of MSS Dc Inst | AG4: Sum of MSS Milo Ton | AH4: Sum of MSS Milo UHT | AJ4: Outlet[Outlet code] | AK4: Outlet[Outlet name] | AL4: Sum of MSS BB | AM4: Sum of MSS Dc Inst | AN4: Sum of MSS Milo Ton | AO4: Sum of MSS Milo UHT | AQ4: Outlet[Outlet code] | AR4: Outlet[Outlet name] | AS4: Sum of MSS BB | AT4: Sum of MSS Dc Inst | AU4: Sum of MSS Milo Ton | AV4: Sum of MSS Milo UHT | AX4: Outlet[Outlet code] | AY4: Outlet[Outlet name] | AZ4: Sum of MSS BB | BA4: Sum of MSS Dc Inst | BB4: Sum of MSS Milo Ton | BC4: Sum of MSS Milo UHT | BE4: Outlet[Outlet code] | BF4: Outlet[Outlet name] | BG4: Sum of MSS BB | BH4: Sum of MSS Dc Inst | BI4: Sum of MSS Milo Ton | BJ4: Sum of MSS Milo UHT | BL4: Outlet[Outlet code] | BM4: Outlet[Outlet name] | BN4: Sum of MSS BB | BO4: Sum of MSS Dc Inst | BP4: Sum of MSS Milo Ton | BQ4: Sum of MSS Milo UHT
A5: 0001887881_16AKXK1026 | B5: CV CNR ANUGERAH UTAMA | C5: 1 | D5: 0 | E5: 1 | F5: 0 | H5: 0001887881_10217 | I5: TOKO AULIA EMPAT | J5: 0 | K5: 0 | L5: 0 | M5: 1 | O5: 0001887881_10056 | P5: TOKO PRIMA JAYA 6 | Q5: 1 | R5: 1 | S5: 0 | T5: 0 | V5: 0001887881_10083 | W5: TOKO NURUL ALFI | X5: 1 | Y5: 0 | Z5: 0 | AA5: 1 | AC5: 0001887881_16AKXF2642 | AD5: TOKO MAJU MANDIRI | AE5: 0 | AF5: 0 | AG5: 0 | AH5: 1 | AJ5: 0001887881_16AOTN1009 | AK5: TK BUDE WAHYU | AL5: 0 | AM5: 0 | AN5: 0 | AO5: 1 | AQ5: 0001887881_10213 | AR5: TOKO DAFFA | AS5: 1 | AT5: 1 | AU5: 1 | AV5: 1 | AX5: 0001887881_16AKXE0005 | AY5: TOKO ANEKA BASMALAH | AZ5: 1 | BA5: 0 | BB5: 0 | BC5: 1 | BE5: 0001887881_16AKXE0012 | BF5: TOKO IRFAN | BG5: 1 | BH5: 0 | BI5: 0 | BJ5: 1 | BL5: 0 | BM5: 0 | BN5: 0 | BO5: 0 | BP5: 0 | BQ5: 0
A6: 0001887881_16AMNN3621 | B6: PT BERKAH BANDUNG OPS | C6: 1 | D6: 1 | E6: 1 | F6: 1 | H6: 0001887881_1523358 | I6: TOKO HAJI DIANA | J6: 1 | K6: 1 | L6: 1 | M6: 1 | O6: 0001887881_10070 | P6: ARIA | Q6: 0 | R6: 1 | S6: 1 | T6: 0 | V6: 0001887881_10200 | W6: Toko Berkah | X6: 1 | Y6: 0 | Z6: 1 | AA6: 1 | AC6: 0001887881_16AKXF4363 | AD6: TOKO FRISKA | AE6: 0 | AF6: 1 | AG6: 0 | AH6: 0 | AJ6: 0001887881_16ARAJ1008 | AK6: TK GAHRU | AL6: 1 | AM6: 0 | AN6: 0 | AO6: 0 | AQ6: 0001887881_16AKWV1008 | AR6: TOKO LARIS TIGA | AS6: 0 | AT6: 1 | AU6: 0 | AV6: 1 | AX6: 0001887881_16AKXE0021 | AY6: TOKO FARAS | AZ6: 1 | BA6: 1 | BB6: 1 | BC6: 1 | BE6: 0001887881_16AKXE0017 | BF6: TOKO DEVEN | BG6: 0 | BH6: 0 | BI6: 0 | BJ6: 1 | BL6: 0001887881_16ASOH1081 | BM6: TOKO DAFFA | BN6: 1 | BO6: 0 | BP6: 1 | BQ6: 1
A7: 0001887881_16ANNK1003 | B7: PT BERKAH BEKASI OPS | C7: 1 | D7: 1 | E7: 1 | F7: 1 | H7: 0001887881_1523377 | I7: TOKO AL AZHAR | J7: 1 | K7: 1 | L7: 1 | M7: 1 | O7: 0001887881_10131 | P7: TOKO Mulia | Q7: 1 | R7: 1 | S7: 0 | T7: 0 | V7: 0001887881_10242 | W7: Toko Baru VIII | X7: 1 | Y7: 0 | Z7: 1 | AA7: 1 | AC7: 0001887881_16AKXJ1025 | AD7: TOKO SEMBAKO MADINAH | AE7: 1 | AF7: 1 | AG7: 0 | AH7: 1 | AJ7: 0001887881_16ARBK1003 | AK7: WR NUSANTARA MART | AL7: 0 | AM7: 0 | AN7: 0 | AO7: 1 | AQ7: 0001887881_16AKWV1045 | AR7: Toko Berkah | AS7: 0 | AT7: 1 | AU7: 1 | AV7: 0 | AX7: 0001887881_16AKXH1024 | AY7: TOKO MAMANG | AZ7: 1 | BA7: 0 | BB7: 1 | BC7: 1 | BE7: 0001887881_16AKXE0038 | BF7: TOKO ANISSA PLASTIK | BG7: 0 | BH7: 1 | BI7: 1 | BJ7: 1 | BL7: Grand Total | BN7: 1 | BO7: 0 | BP7: 1 | BQ7: 1
A8: 0001887881_16AOJC1001 | B8: PT. BERKAH KARAWANG OPS | C8: 1 | D8: 1 | E8: 1 | F8: 1 | H8: 0001887881_1523378 | I8: TOKO KORBI STORE | J8: 0 | K8: 0 | L8: 0 | M8: 1 | O8: 0001887881_10311 | P8: Terang Jaya | Q8: 0 | R8: 0 | S8: 1 | T8: 1 | V8: 0001887881_16AKWV1009 | W8: toko eno | X8: 1 | Y8: 1 | Z8: 1 | AA8: 1 | AC8: 0001887881_16AKXJ2156 | AD8: TOKO MD HAFIZ | AE8: 0 | AF8: 0 | AG8: 0 | AH8: 1 | AJ8: 0001887881_16ARBK1005 | AK8: WR HANJUANG | AL8: 0 | AM8: 0 | AN8: 0 | AO8: 1 | AQ8: 0001887881_16AKWV1048 | AR8: Toko Saidah | AS8: 1 | AT8: 0 | AU8: 1 | AV8: 1 | AX8: 0001887881_16AKXJ1004 | AY8: TOKO SUMBER JATI MULYO | AZ8: 1 | BA8: 1 | BB8: 0 | BC8: 1 | BE8: 0001887881_16AKXJ1011 | BF8: TOKO RAHAYU 2 | BG8: 1 | BH8: 1 | BI8: 1 | BJ8: 1
A9: 0001887881_16APFP1068 | B9: TOKO PANJI | C9: 0 | D9: 0 | E9: 1 | F9: 1 | H9: 0001887881_16AKRT1003 | I9: TOKO FB MULYA SEJAHTERA | J9: 0 | K9: 0 | L9: 1 | M9: 1 | O9: 0001887881_10327 | P9: TOKO PARMAN | Q9: 0 | R9: 1 | S9: 0 | T9: 1 | V9: 0001887881_16AKWV1051 | W9: TOKO DODIT | X9: 1 | Y9: 0 | Z9: 0 | AA9: 1 | AC9: 0001887881_16AKXK3095 | AD9: toko fandy grosir | AE9: 0 | AF9: 1 | AG9: 1 | AH9: 1 | AJ9: 0001887881_16ARBN1005 | AK9: TK MANDIRI 2 | AL9: 1 | AM9: 0 | AN9: 0 | AO9: 0 | AQ9: 0001887881_16AKWV1052 | AR9: TOKO CERMAI | AS9: 1 | AT9: 0 | AU9: 0 | AV9: 1 | AX9: 0001887881_16AKXL1007 | AY9: TOKO UJANG | AZ9: 1 | BA9: 1 | BB9: 1 | BC9: 1 | BE9: 0001887881_16AKXJ1024 | BF9: TOKO INDAH | BG9: 1 | BH9: 1 | BI9: 1 | BJ9: 0
A10: 0001887881_16ASOD1060 | B10: PT BERKAH TANGGERANG OPS | C10: 1 | D10: 1 | E10: 1 | F10: 1 | H10: 0001887881_16AKRT1007 | I10: TOKO APOTIK AYAH | J10: 1 | K10: 0 | L10: 0 | M10: 1 | O10: 0001887881_10392 | P10: TOKO ALJABAL | Q10: 1 | R10: 0 | S10: 0 | T10: 1 | V10: 0001887881_16AKWY1004 | W10: TOKO ROPIKOH | X10: 1 | Y10: 1 | Z10: 1 | AA10: 1 | AC10: 0001887881_16ALXG1003 | AD10: TOKO AMINAH BERKAH | AE10: 0 | AF10: 0 | AG10: 0 | AH10: 1 | AJ10: 0001887881_16ARBN1006 | AK10: WARUNG BASRI FAHRI | AL10: 1 | AM10: 0 | AN10: 0 | AO10: 0 | AQ10: 0001887881_16AKWV3646 | AR10: Toko Tamaguna | AS10: 1 | AT10: 0 | AU10: 0 | AV10: 1 | AX10: 0001887881_16ALXL1002 | AY10: TOKO BERKAT PLASTIK | AZ10: 1 | BA10: 0 | BB10: 0 | BC10: 1 | BE10: 0001887881_16AKXL1005 | BF10: TOKO MITRA ANDA | BG10: 0 | BH10: 1 | BI10: 1 | BJ10: 0
A11: 0001887881_16ASTF1038 | B11: PT BERKAH DEPOK OPS | C11: 1 | D11: 1 | E11: 1 | F11: 1 | H11: 0001887881_16AKRT1010 | I11: TOKO ELSA TARUMAJAYA | J11: 1 | K11: 0 | L11: 1 | M11: 1 | O11: 0001887881_161012 | P11: Toko Dini (psMGT) | Q11: 0 | R11: 1 | S11: 0 | T11: 0 | V11: 0001887881_16ALWY1002 | W11: TOKO AYU | X11: 1 | Y11: 0 | Z11: 1 | AA11: 1 | AC11: 0001887881_16ALXG1006 | AD11: TOKO MAJALENGKA TIGA | AE11: 1 | AF11: 0 | AG11: 0 | AH11: 0 | AJ11: 0001887881_16ARBO1025 | AK11: TK DIDI | AL11: 0 | AM11: 0 | AN11: 0 | AO11: 1 | AQ11: 0001887881_16AKWV3648 | AR11: Toko Surya Mart | AS11: 1 | AT11: 0 | AU11: 0 | AV11: 1 | AX11: 0001887881_16ALXL1004 | AY11: TOKO KAKA ADIK | AZ11: 0 | BA11: 1 | BB11: 1 | BC11: 0 | BE11: 0001887881_16ALHP1001 | BF11: TOKO AZKA DN | BG11: 1 | BH11: 1 | BI11: 1 | BJ11: 1
A12: Grand Total | C12: 6 | D12: 5 | E12: 7 | F12: 6 | H12: 0001887881_16AKRX1004 | I12: TOKO KEKE FROZEN | J12: 0 | K12: 0 | L12: 1 | M12: 1 | O12: 0001887881_16AKXC1010 | P12: Toko Rizky Jaya | Q12: 0 | R12: 1 | S12: 1 | T12: 0 | V12: 0001887881_16ALWY1030 | W12: TOKO RIYA MART | X12: 0 | Y12: 0 | Z12: 0 | AA12: 1 | AC12: 0001887881_16ALXG1007 | AD12: TOKO SUMBER REJEKI DOEA | AE12: 0 | AF12: 0 | AG12: 0 | AH12: 1 | AJ12: 0001887881_16ARRL1028 | AK12: TK NAZILA SATU | AL12: 0 | AM12: 0 | AN12: 0 | AO12: 1 | AQ12: 0001887881_16AKXD1004 | AR12: TOKO BERSAMA | AS12: 1 | AT12: 0 | AU12: 1 | AV12: 1 | AX12: 0001887881_16ALXL1005 | AY12: TOKO SALWA 46 | AZ12: 1 | BA12: 0 | BB12: 0 | BC12: 1 | BE12: 0001887881_16ALWO0007 | BF12: TOKO KARLOS | BG12: 1 | BH12: 0 | BI12: 0 | BJ12: 1
H13: 0001887881_16AKRZ1004 | I13: ALMIRA JAYA MANDIRI | J13: 0 | K13: 0 | L13: 1 | M13: 1 | O13: 0001887881_16AKXK1027 | P13: PT RAUDAH SUFINDO INT | Q13: 1 | R13: 1 | S13: 0 | T13: 0 | V13: 0001887881_16ALWY1048 | W13: Toko Riska | X13: 0 | Y13: 0 | Z13: 0 | AA13: 1 | AC13: 0001887881_16ANLW4371 | AD13: TOKO FREYA | AE13: 0 | AF13: 1 | AG13: 1 | AH13: 1 | AJ13: 0001887881_16ARRN4267 | AK13: TK ANTARIKSA DUA | AL13: 0 | AM13: 1 | AN13: 0 | AO13: 1 | AQ13: 0001887881_16ALWO1005 | AR13: TOKO AMIN ILYAS | AS13: 1 | AT13: 1 | AU13: 0 | AV13: 0 | AX13: 0001887881_16ALXL1006 | AY13: TOKO JAKY | AZ13: 0 | BA13: 0 | BB13: 0 | BC13: 1 | BE13: 0001887881_16ALWO0010 | BF13: TOKO NAILA | BG13: 1 | BH13: 0 | BI13: 0 | BJ13: 1
H14: 0001887881_16AKWU1003 | I14: Toko Makmur Sentosa | J14: 1 | K14: 1 | L14: 1 | M14: 0 | O14: 0001887881_16ALWQ1002 | P14: TOKO HARAPAN BARU | Q14: 0 | R14: 1 | S14: 1 | T14: 1 | V14: 0001887881_16ALWY1064 | W14: TOKO SEMBAKO ALDI NASUTION | X14: 0 | Y14: 0 | Z14: 0 | AA14: 1 | AC14: 0001887881_16ANLY1025 | AD14: TOKO EKI | AE14: 0 | AF14: 0 | AG14: 0 | AH14: 1 | AJ14: 0001887881_16ARRN4268 | AK14: TK LARIS YUMNA | AL14: 1 | AM14: 0 | AN14: 0 | AO14: 0 | AQ14: 0001887881_16AMDO1004 | AR14: TOKO AKWANG | AS14: 0 | AT14: 1 | AU14: 0 | AV14: 1 | AX14: 0001887881_16ALXL1007 | AY14: toko martin | AZ14: 1 | BA14: 0 | BB14: 0 | BC14: 1 | BE14: 0001887881_16ALWO0012 | BF14: TOKO RJ | BG14: 0 | BH14: 0 | BI14: 0 | BJ14: 1
H15: 0001887881_16AKWV1003 | I15: Toko Simas | J15: 1 | K15: 1 | L15: 1 | M15: 1 | O15: 0001887881_16ALWQ1006 | P15: TOKO DEVEN | Q15: 0 | R15: 1 | S15: 1 | T15: 0 | V15: 0001887881_16AMKM1067 | W15: TOKO MS | X15: 1 | Y15: 0 | Z15: 0 | AA15: 1 | AC15: 0001887881_16ARAW1025 | AD15: TOKO BERKAH TCI | AE15: 0 | AF15: 0 | AG15: 0 | AH15: 1 | AJ15: 0001887881_16ARRN4270 | AK15: TK MJ CIAMIS | AL15: 1 | AM15: 0 | AN15: 0 | AO15: 0 | AQ15: 0001887881_16AMDQ1007 | AR15: TOKO SUDIRMAN | AS15: 1 | AT15: 1 | AU15: 1 | AV15: 0 | AX15: 0001887881_16ALXL1008 | AY15: TOKO BUNGA BERKAH | AZ15: 0 | BA15: 1 | BB15: 1 | BC15: 0 | BE15: 0001887881_16ALWO0013 | BF15: TOKO JASMIN 2 | BG15: 1 | BH15: 1 | BI15: 0 | BJ15: 1
H16: 0001887881_16AKWV1005 | I16: TOKO MENARA DUA GROSIR | J16: 0 | K16: 1 | L16: 1 | M16: 0 | O16: 0001887881_16ALWU0001 | P16: TOKO 3 SAUDARA MART | Q16: 1 | R16: 0 | S16: 1 | T16: 1 | V16: 0001887881_16AMKM1082 | W16: Toko Nurul | X16: 1 | Y16: 1 | Z16: 1 | AA16: 0 | AC16: 0001887881_16ARRK1001 | AD16: TOKO ADIRASYA | AE16: 0 | AF16: 1 | AG16: 0 | AH16: 1 | AJ16: 0001887881_16ARRN4271 | AK16: TK DUA PUTRI | AL16: 0 | AM16: 0 | AN16: 0 | AO16: 1 | AQ16: 0001887881_16AMKJ1001 | AR16: TOKO PUTRA | AS16: 1 | AT16: 1 | AU16: 1 | AV16: 0 | AX16: 0001887881_16ALXM1001 | AY16: TOKO SUMBER URIP 2 | AZ16: 1 | BA16: 0 | BB16: 1 | BC16: 1 | BE16: 0001887881_16ALXM1436 | BF16: TOKO IMAN | BG16: 1 | BH16: 1 | BI16: 0 | BJ16: 1
H17: 0001887881_16AKWX1005 | I17: TOKO SEMBAKO AL BAROKAH EMPAT | J17: 0 | K17: 1 | L17: 1 | M17: 0 | O17: 0001887881_16ANLW1037 | P17: TOKO DENDRI I | Q17: 0 | R17: 0 | S17: 1 | T17: 0 | V17: 0001887881_16AMKM1085 | W17: TOKO HIKMAH PLASTIK | X17: 1 | Y17: 0 | Z17: 0 | AA17: 1 | AC17: 0001887881_16ARRN1013 | AD17: TOKO FADILAH | AE17: 0 | AF17: 1 | AG17: 1 | AH17: 1 | AJ17: 0001887881_16ARRN4275 | AK17: TOKO ASONAR MART | AL17: 0 | AM17: 0 | AN17: 0 | AO17: 1 | AQ17: 0001887881_16AMKJ1063 | AR17: TOKO ANUGRAH JAYA SNACK | AS17: 0 | AT17: 1 | AU17: 1 | AV17: 0 | AX17: 0001887881_16ALXM1006 | AY17: TOKO RAFDAN | AZ17: 0 | BA17: 1 | BB17: 0 | BC17: 1 | BE17: 0001887881_16AOTL1001 | BF17: Sutan JS | BG17: 0 | BH17: 1 | BI17: 1 | BJ17: 0
H18: 0001887881_16AKWY1008 | I18: TOKO WIWIN | J18: 0 | K18: 0 | L18: 0 | M18: 1 | O18: 0001887881_16ANLW1038 | P18: HASNA HASNI | Q18: 0 | R18: 0 | S18: 1 | T18: 1 | V18: 0001887881_16AMKN1075 | W18: TOKO RIFKI | X18: 1 | Y18: 1 | Z18: 1 | AA18: 1 | AC18: 0001887881_16ARRN1014 | AD18: TOKO BAROKAH AUREL SATU | AE18: 0 | AF18: 0 | AG18: 0 | AH18: 1 | AJ18: 0001887881_16ARRO1329 | AK18: WARUNG 2S | AL18: 1 | AM18: 1 | AN18: 0 | AO18: 0 | AQ18: 0001887881_16AMKL1003 | AR18: TOKO MAJU JAYA SNACK | AS18: 1 | AT18: 1 | AU18: 1 | AV18: 0 | AX18: 0001887881_16ARAC1002 | AY18: TOKO FITRI | AZ18: 1 | BA18: 1 | BB18: 1 | BC18: 1 | BE18: 0001887881_16AOTN1001 | BF18: Toko sumber rejeki | BG18: 1 | BH18: 1 | BI18: 1 | BJ18: 1
H19: 0001887881_16AKXE1006 | I19: TOKO MAS JOKO | J19: 0 | K19: 0 | L19: 0 | M19: 1 | O19: 0001887881_16ANLW1050 | P19: TOKO HARAPAN BARU I | Q19: 1 | R19: 1 | S19: 1 | T19: 1 | V19: 0001887881_16AMKN1091 | W19: toko deny | X19: 0 | Y19: 1 | Z19: 1 | AA19: 0 | AC19: 0001887881_16ARRN1015 | AD19: TOKO BAGAS | AE19: 0 | AF19: 1 | AG19: 1 | AH19: 1 | AJ19: 0001887881_16ARRO1332 | AK19: Tk barokah madura | AL19: 0 | AM19: 1 | AN19: 1 | AO19: 1 | AQ19: 0001887881_16AMKM1010 | AR19: TOKO IRZA | AS19: 1 | AT19: 0 | AU19: 0 | AV19: 0 | AX19: 0001887881_16ARAC1003 | AY19: TOKO BERKAH MANDIRI | AZ19: 0 | BA19: 1 | BB19: 0 | BC19: 0 | BE19: 0001887881_16AOTS1001 | BF19: TOKO HANI | BG19: 1 | BH19: 1 | BI19: 1 | BJ19: 0
H20: 0001887881_16AKXI1003 | I20: TOKO ZIDAN TIGA | J20: 1 | K20: 1 | L20: 1 | M20: 1 | O20: 0001887881_16ANNL1006 | P20: TOKO ADIN | Q20: 0 | R20: 0 | S20: 0 | T20: 1 | V20: 0001887881_16AMKN1094 | W20: TOKO ARSYILA BABY SHOP | X20: 1 | Y20: 0 | Z20: 1 | AA20: 1 | AC20: 0001887881_16ARRN4263 | AD20: TOKO M FATIR | AE20: 1 | AF20: 0 | AG20: 0 | AH20: 1 | AJ20: 0001887881_16ARRO1334 | AK20: TK RIFKI | AL20: 0 | AM20: 0 | AN20: 1 | AO20: 1 | AQ20: 0001887881_16AMKM1020 | AR20: TOKO LARIS SNACK | AS20: 0 | AT20: 1 | AU20: 1 | AV20: 0 | AX20: 0001887881_16ARAC1012 | AY20: TOKO ALFINO | AZ20: 0 | BA20: 0 | BB20: 0 | BC20: 1 | BE20: 0001887881_16ARAA1001 | BF20: TOKO UDIN | BG20: 0 | BH20: 1 | BI20: 0 | BJ20: 1
H21: 0001887881_16ALWO1009 | I21: Toko Sanjaya | J21: 1 | K21: 0 | L21: 1 | M21: 1 | O21: 0001887881_16APFR1013 | P21: Sogi grosir | Q21: 0 | R21: 0 | S21: 1 | T21: 1 | V21: 0001887881_16AMKN1110 | W21: TOKO JUNAEDI | X21: 1 | Y21: 0 | Z21: 1 | AA21: 1 | AC21: 0001887881_16ARRN4264 | AD21: TOKO KEBUMEN JAYA | AE21: 0 | AF21: 0 | AG21: 1 | AH21: 1 | AJ21: Grand Total | AL21: 6 | AM21: 3 | AN21: 2 | AO21: 10 | AQ21: 0001887881_16AMKM1047 | AR21: TOKO LAILA FROZEN | AS21: 0 | AT21: 1 | AU21: 1 | AV21: 0 | AX21: 0001887881_16ARAD1011 | AY21: TOKO PAK DE JUM | AZ21: 0 | BA21: 0 | BB21: 0 | BC21: 0 | BE21: 0001887881_16ARAD1500 | BF21: Debora | BG21: 0 | BH21: 0 | BI21: 0 | BJ21: 1
H22: 0001887881_16ALWO1015 | I22: TOKO MADURA BINTANG ARIS | J22: 0 | K22: 0 | L22: 0 | M22: 1 | O22: 0001887881_16ASNO1007 | P22: TOKO KURNIA | Q22: 1 | R22: 1 | S22: 1 | T22: 0 | V22: 0001887881_16AMKN1113 | W22: TOKO HAIKAL | X22: 0 | Y22: 0 | Z22: 1 | AA22: 1 | AC22: 0001887881_16ARRO1314 | AD22: toko rani mandiri | AE22: 0 | AF22: 1 | AG22: 0 | AH22: 0 | AQ22: 0001887881_16AMKM1050 | AR22: TOKO PURBA | AS22: 1 | AT22: 0 | AU22: 0 | AV22: 1 | AX22: 0001887881_16ARAD1498 | AY22: TOKO SEPTIANA | AZ22: 1 | BA22: 0 | BB22: 0 | BC22: 0 | BE22: 0001887881_16ARAE1003 | BF22: TOKO ENI 2 | BG22: 0 | BH22: 0 | BI22: 0 | BJ22: 1
H23: 0001887881_16ALWO1022 | I23: CV BAROKAH BERSAMA WARGA | J23: 0 | K23: 1 | L23: 0 | M23: 0 | O23: 0001887881_16ASNQ1007 | P23: TOKO AFRAN | Q23: 0 | R23: 1 | S23: 1 | T23: 0 | V23: 0001887881_16AMKQ1048 | W23: TOKO DANDY | X23: 1 | Y23: 1 | Z23: 1 | AA23: 1 | AC23: 0001887881_16ARRO1315 | AD23: toko aisyah | AE23: 1 | AF23: 1 | AG23: 1 | AH23: 0 | AQ23: 0001887881_16AMKN1027 | AR23: Toko Lia | AS23: 1 | AT23: 0 | AU23: 0 | AV23: 0 | AX23: 0001887881_16ARAV1003 | AY23: Toko Akbar Jaya | AZ23: 1 | BA23: 1 | BB23: 1 | BC23: 1 | BE23: 0001887881_16ARAE1005 | BF23: TOKO MELVISA | BG23: 1 | BH23: 0 | BI23: 0 | BJ23: 1
H24: 0001887881_16ALWO1023 | I24: Toko Ishak | J24: 1 | K24: 0 | L24: 0 | M24: 1 | O24: 0001887881_16ASNQ1008 | P24: TOKO SIMANALAGI | Q24: 1 | R24: 1 | S24: 1 | T24: 0 | V24: 0001887881_16AMKQ1055 | W24: TOKO HASAN | X24: 1 | Y24: 0 | Z24: 1 | AA24: 1 | AC24: 0001887881_16ARRO1323 | AD24: TOKO BERKAH JAYA PLASTIK | AE24: 0 | AF24: 0 | AG24: 1 | AH24: 1 | AQ24: 0001887881_16AMKN1153 | AR24: Toko SUMBER REZEKI | AS24: 0 | AT24: 0 | AU24: 1 | AV24: 1 | AX24: 0001887881_16ARAV1010 | AY24: TOKO FATAN | AZ24: 0 | BA24: 0 | BB24: 0 | BC24: 1 | BE24: 0001887881_16ARAG1001 | BF24: TOKO JAYA BERKAH PLASTIK | BG24: 0 | BH24: 1 | BI24: 1 | BJ24: 0
H25: 0001887881_16ALWY4318 | I25: TOKO AJA | J25: 1 | K25: 0 | L25: 0 | M25: 1 | O25: 0001887881_16ASNS1022 | P25: TOKO JAYA BAROKAH KUNINGAN | Q25: 0 | R25: 1 | S25: 1 | T25: 0 | V25: 0001887881_16ANLV0001 | W25: Toko dua empat | X25: 0 | Y25: 0 | Z25: 0 | AA25: 1 | AC25: 0001887881_16ASNZ8599 | AD25: TOKO BANG MAEL | AE25: 1 | AF25: 0 | AG25: 0 | AH25: 0 | AQ25: 0001887881_16AMKO1011 | AR25: TOKO ANGGA | AS25: 1 | AT25: 1 | AU25: 0 | AV25: 1 | AX25: 0001887881_16ARBA1001 | AY25: TOKO AM | AZ25: 1 | BA25: 1 | BB25: 1 | BC25: 0 | BE25: 0001887881_16ARAL1004 | BF25: teh nde | BG25: 0 | BH25: 0 | BI25: 0 | BJ25: 1
H26: 0001887881_16AMDQ1015 | I26: TOKO RAFA | J26: 0 | K26: 1 | L26: 1 | M26: 0 | O26: 0001887881_16ASNU1009 | P26: TOKO JAWA PLASTIK DUA | Q26: 0 | R26: 1 | S26: 1 | T26: 0 | V26: 0001887881_16ANLV1005 | W26: TOKO CAHAYA BERKAH | X26: 1 | Y26: 0 | Z26: 1 | AA26: 1 | AC26: 0001887881_16ASTF1042 | AD26: TOKO RAZO | AE26: 1 | AF26: 1 | AG26: 1 | AH26: 1 | AQ26: 0001887881_16AMKO1017 | AR26: TOKO RATNA | AS26: 1 | AT26: 1 | AU26: 0 | AV26: 1 | AX26: 0001887881_16ARBA1002 | AY26: TOKO BAHRI | AZ26: 1 | BA26: 0 | BB26: 1 | BC26: 0 | BE26: 0001887881_16ARAN1003 | BF26: TOKO IHSAN | BG26: 0 | BH26: 0 | BI26: 1 | BJ26: 0
H27: 0001887881_16AMDR0004 | I27: TOKO ALDI KABAN DUA | J27: 1 | K27: 1 | L27: 1 | M27: 1 | O27: 0001887881_16ASNW0020 | P27: TOKO YULI | Q27: 1 | R27: 1 | S27: 1 | T27: 0 | V27: 0001887881_16ANLV1012 | W27: TOKO TBK FORTUNA | X27: 1 | Y27: 0 | Z27: 1 | AA27: 1 | AC27: 0001887881_16ASTG1009 | AD27: TOKO PERMATA RUDY | AE27: 0 | AF27: 0 | AG27: 0 | AH27: 1 | AQ27: 0001887881_16AMKQ1006 | AR27: TOKO TRIJAYA | AS27: 0 | AT27: 0 | AU27: 1 | AV27: 1 | AX27: 0001887881_16ARBB1005 | AY27: TOKO SEGAR SAYUR | AZ27: 0 | BA27: 1 | BB27: 0 | BC27: 0 | BE27: 0001887881_16ARAQ1002 | BF27: Toko akbar | BG27: 1 | BH27: 0 | BI27: 1 | BJ27: 1
H28: 0001887881_16AMKL0012 | I28: TOKO AWI PEJUANG | J28: 0 | K28: 1 | L28: 1 | M28: 1 | O28: 0001887881_16ASNZ1004 | P28: TOKO ANGGI | Q28: 1 | R28: 0 | S28: 0 | T28: 1 | V28: 0001887881_16ANLW1052 | W28: CAHAYA WULAN | X28: 1 | Y28: 0 | Z28: 1 | AA28: 1 | AC28: 0001887881_1766521 | AD28: TOKO RIE RIE | AE28: 1 | AF28: 1 | AG28: 1 | AH28: 1 | AQ28: 0001887881_16AMKQ1073 | AR28: TOKO ASPAR JAYA | AS28: 0 | AT28: 1 | AU28: 1 | AV28: 0 | AX28: 0001887881_16ARBE1002 | AY28: toko dewi | AZ28: 1 | BA28: 0 | BB28: 1 | BC28: 0 | BE28: 0001887881_16ARAS1002 | BF28: TOKO NAUFAL | BG28: 0 | BH28: 1 | BI28: 1 | BJ28: 0
H29: 0001887881_16AMKM1076 | I29: TOKO DINA AKBAR SATU | J29: 0 | K29: 1 | L29: 1 | M29: 0 | O29: 0001887881_16ASOD1052 | P29: TOKO HERY JAYA | Q29: 0 | R29: 1 | S29: 1 | T29: 0 | V29: 0001887881_16ANLW1097 | W29: TOKO RIZKY | X29: 1 | Y29: 0 | Z29: 0 | AA29: 1 | AC29: 0001887881_A9074039 | AD29: TOKO BAPAK YENI | AE29: 1 | AF29: 1 | AG29: 0 | AH29: 0 | AQ29: 0001887881_16AMKQ1080 | AR29: TOKO SUMBER RIZKI SNACK DUA | AS29: 0 | AT29: 1 | AU29: 1 | AV29: 1 | AX29: 0001887881_16ARBE1004 | AY29: TOKO AMANAH | AZ29: 0 | BA29: 1 | BB29: 1 | BC29: 1 | BE29: 0001887881_16ARAS1005 | BF29: TOKO TIGA SAUDARA 2 | BG29: 0 | BH29: 1 | BI29: 1 | BJ29: 0
H30: 0001887881_16AMKN1077 | I30: TOKO SUGIH MAKMUR | J30: 1 | K30: 1 | L30: 1 | M30: 1 | O30: 0001887881_16ASOH1002 | P30: TOKO SEKA BINA UNGGUL | Q30: 1 | R30: 0 | S30: 0 | T30: 1 | V30: 0001887881_16ANLW1101 | W30: TOKO ERDE | X30: 0 | Y30: 0 | Z30: 0 | AA30: 1 | AC30: Grand Total | AE30: 8 | AF30: 12 | AG30: 9 | AH30: 19 | AQ30: 0001887881_16AMKR1008 | AR30: TOKO FERI | AS30: 1 | AT30: 1 | AU30: 1 | AV30: 0 | AX30: 0001887881_16ARBF1003 | AY30: TOKO APRIL | AZ30: 0 | BA30: 0 | BB30: 0 | BC30: 1 | BE30: 0001887881_16ARAS1012 | BF30: TOKO ERI 1 | BG30: 0 | BH30: 1 | BI30: 1 | BJ30: 1
H31: 0001887881_16ANLV1001 | I31: Toko Ara | J31: 1 | K31: 1 | L31: 1 | M31: 1 | O31: 0001887881_16ASOH1013 | P31: ARKAAN | Q31: 0 | R31: 1 | S31: 1 | T31: 0 | V31: 0001887881_16ANLW1102 | W31: TOKO SAMA MAJU | X31: 0 | Y31: 0 | Z31: 0 | AA31: 1 | AQ31: 0001887881_16ANLW1004 | AR31: TOKO HELEN | AS31: 0 | AT31: 0 | AU31: 1 | AV31: 1 | AX31: 0001887881_16ARBO1012 | AY31: TOKO ADITYA PLASTIK | AZ31: 0 | BA31: 1 | BB31: 1 | BC31: 0 | BE31: 0001887881_16ARAS1015 | BF31: TOKO SIMPUR FROZEN | BG31: 0 | BH31: 0 | BI31: 0 | BJ31: 1
H32: 0001887881_16ANLW1062 | I32: TOKO BESH MART | J32: 0 | K32: 0 | L32: 0 | M32: 1 | O32: 0001887881_16ASOH1014 | P32: TOKO JAWA PLASTIK | Q32: 0 | R32: 1 | S32: 1 | T32: 0 | V32: 0001887881_16ANLW1105 | W32: TOKO BILAL DUA | X32: 0 | Y32: 1 | Z32: 0 | AA32: 1 | AQ32: 0001887881_16ANLX1011 | AR32: TOKO CERIA | AS32: 0 | AT32: 0 | AU32: 1 | AV32: 1 | AX32: 0001887881_16ARBO1017 | AY32: Toko SUMBER REZEKI | AZ32: 1 | BA32: 0 | BB32: 0 | BC32: 1 | BE32: 0001887881_16ARAS1016 | BF32: TOKO ALFARIZI | BG32: 1 | BH32: 0 | BI32: 0 | BJ32: 1
H33: 0001887881_16ANNJ1011 | I33: TOKO MAJU BERSAMA SAUDARA MBS | J33: 0 | K33: 0 | L33: 1 | M33: 1 | O33: 0001887881_16ASOH1015 | P33: Toko Al barkah | Q33: 1 | R33: 1 | S33: 1 | T33: 0 | V33: 0001887881_16ANLX1002 | W33: TOKO OM IPEN | X33: 0 | Y33: 1 | Z33: 0 | AA33: 0 | AQ33: 0001887881_16ANNK1005 | AR33: TOKO BOY | AS33: 1 | AT33: 1 | AU33: 1 | AV33: 0 | AX33: 0001887881_16ARRJ1001 | AY33: Toko intan plastik | AZ33: 0 | BA33: 1 | BB33: 1 | BC33: 1 | BE33: 0001887881_16ARAS1020 | BF33: TOKO ROYAL | BG33: 0 | BH33: 0 | BI33: 0 | BJ33: 1
H34: 0001887881_16ANNL1005 | I34: TOKO SEJAHTERA | J34: 0 | K34: 1 | L34: 1 | M34: 0 | O34: 0001887881_16ASOH1100 | P34: TOKO RISQY KAKA | Q34: 1 | R34: 0 | S34: 0 | T34: 1 | V34: 0001887881_16ANLY1004 | W34: Toko Puput | X34: 1 | Y34: 0 | Z34: 1 | AA34: 1 | AQ34: 0001887881_16APFP1035 | AR34: TOKO GALUH DUA | AS34: 1 | AT34: 1 | AU34: 1 | AV34: 0 | AX34: 0001887881_16ARRJ1002 | AY34: TOKO TARGIS | AZ34: 1 | BA34: 1 | BB34: 1 | BC34: 1 | BE34: 0001887881_16ARAS1021 | BF34: TOKO HASIBUAN | BG34: 1 | BH34: 0 | BI34: 0 | BJ34: 1
H35: 0001887881_16ANNL1035 | I35: TOKO RINGGANA | J35: 0 | K35: 0 | L35: 0 | M35: 1 | O35: 0001887881_16ASOH1104 | P35: TOKO BERSAUDARA | Q35: 1 | R35: 1 | S35: 0 | T35: 0 | V35: 0001887881_16ANLY1006 | W35: TOKO OWAK | X35: 0 | Y35: 1 | Z35: 1 | AA35: 0 | AQ35: 0001887881_16APFP1060 | AR35: TOKO PUTRO PAWIRO | AS35: 0 | AT35: 1 | AU35: 0 | AV35: 0 | AX35: 0001887881_16ARRJ1003 | AY35: TOKO TASYA MUKTIWARI | AZ35: 0 | BA35: 0 | BB35: 0 | BC35: 1 | BE35: 0001887881_16ARAS1028 | BF35: TOKO CEU ELA | BG35: 0 | BH35: 0 | BI35: 1 | BJ35: 1
H36: 0001887881_16APFN1035 | I36: Toko Barokah | J36: 0 | K36: 1 | L36: 1 | M36: 1 | O36: 0001887881_16ASTF1014 | P36: Toko Bela | Q36: 1 | R36: 1 | S36: 1 | T36: 1 | V36: 0001887881_16APFO1041 | W36: TOKO AJAT | X36: 1 | Y36: 1 | Z36: 1 | AA36: 0 | AQ36: 0001887881_16APFP1066 | AR36: Toko Sumber rizki snack empat | AS36: 1 | AT36: 1 | AU36: 1 | AV36: 0 | AX36: 0001887881_16ARRJ1004 | AY36: Toko Nurul | AZ36: 1 | BA36: 0 | BB36: 0 | BC36: 0 | BE36: 0001887881_16ARAS1029 | BF36: TOKO HASANAH | BG36: 0 | BH36: 1 | BI36: 0 | BJ36: 1
H37: 0001887881_16ARRG1001 | I37: TOKO IBU SITI | J37: 0 | K37: 1 | L37: 0 | M37: 1 | O37: 0001887881_16ASTF1018 | P37: TOKO ANGEL | Q37: 0 | R37: 1 | S37: 0 | T37: 0 | V37: 0001887881_16APFO1042 | W37: TOKO INDAH | X37: 1 | Y37: 1 | Z37: 1 | AA37: 1 | AQ37: 0001887881_16APFQ1010 | AR37: TOKO SANDY | AS37: 0 | AT37: 1 | AU37: 1 | AV37: 1 | AX37: 0001887881_16ARRL1002 | AY37: TOKO YONO | AZ37: 0 | BA37: 1 | BB37: 0 | BC37: 0 | BE37: 0001887881_16ARAT1004 | BF37: TOKO VERONICA | BG37: 1 | BH37: 0 | BI37: 0 | BJ37: 1
H38: 0001887881_16ASNQ1022 | I38: TOKO ARSI | J38: 0 | K38: 1 | L38: 0 | M38: 0 | O38: 0001887881_20093 | P38: Toko IBRAHIM | Q38: 0 | R38: 0 | S38: 0 | T38: 1 | V38: 0001887881_16APFO1043 | W38: TOKO ADAM FROZEN | X38: 0 | Y38: 0 | Z38: 1 | AA38: 1 | AQ38: 0001887881_16APFQ1012 | AR38: TOKO YOLANDA PELASTIK | AS38: 0 | AT38: 1 | AU38: 1 | AV38: 0 | AX38: 0001887881_16ARRL1006 | AY38: TOKO PASAR MINI | AZ38: 0 | BA38: 1 | BB38: 0 | BC38: 0 | BE38: 0001887881_16ARAU1001 | BF38: TOKO HAJI ITANG | BG38: 0 | BH38: 0 | BI38: 0 | BJ38: 0
H39: 0001887881_16ASNQ1027 | I39: TOKO ANUGERAH PERMATA | J39: 0 | K39: 1 | L39: 1 | M39: 0 | O39: 0001887881_20357 | P39: TOKO BENUA BARU | Q39: 1 | R39: 1 | S39: 0 | T39: 1 | V39: 0001887881_16ASNP1024 | W39: TOKO HIKMAH PLASTIK DUA | X39: 0 | Y39: 1 | Z39: 1 | AA39: 0 | AQ39: 0001887881_16APFQ1013 | AR39: TOKO HASIBUAN | AS39: 0 | AT39: 1 | AU39: 0 | AV39: 1 | AX39: 0001887881_16ARRL1007 | AY39: Toko Barokah | AZ39: 0 | BA39: 0 | BB39: 0 | BC39: 1 | BE39: 0001887881_16ARAV1004 | BF39: TOKO BAROKAH 2 | BG39: 1 | BH39: 1 | BI39: 1 | BJ39: 1
H40: 0001887881_16ASNQ1030 | I40: TOKO ALAN | J40: 1 | K40: 0 | L40: 1 | M40: 1 | O40: 0001887881_20716 | P40: TOKO AMANAH JAYA | Q40: 0 | R40: 1 | S40: 1 | T40: 0 | V40: 0001887881_16ASNQ1015 | W40: TOKO RESTU JAYA | X40: 1 | Y40: 0 | Z40: 0 | AA40: 1 | AQ40: 0001887881_16APFQ1015 | AR40: TOKO KEMBAR | AS40: 1 | AT40: 1 | AU40: 0 | AV40: 1 | AX40: 0001887881_16ARRL1010 | AY40: TOKO BANYU URIP | AZ40: 0 | BA40: 0 | BB40: 0 | BC40: 1 | BE40: 0001887881_16ARAV1005 | BF40: TOKO SEMBAKO HIRA | BG40: 1 | BH40: 1 | BI40: 1 | BJ40: 0
H41: 0001887881_16ASNQ1034 | I41: AGEN SEMBAKO CEU ELA | J41: 1 | K41: 1 | L41: 1 | M41: 1 | O41: 0001887881_30002 | P41: TOKO SINAR PRAMBANAN | Q41: 1 | R41: 0 | S41: 1 | T41: 1 | V41: 0001887881_16ASNQ1016 | W41: Toko Annisa | X41: 1 | Y41: 0 | Z41: 0 | AA41: 1 | AQ41: 0001887881_16APFS1003 | AR41: TOKO IVANA | AS41: 0 | AT41: 0 | AU41: 1 | AV41: 0 | AX41: 0001887881_16ARRL1011 | AY41: TOKO SUMBER BENING | AZ41: 0 | BA41: 0 | BB41: 1 | BC41: 0 | BE41: 0001887881_16ARAW1002 | BF41: TOKO KELVIN | BG41: 0 | BH41: 0 | BI41: 0 | BJ41: 1
H42: 0001887881_16ASNQ1036 | I42: TOKO IRZA PERMATA | J42: 0 | K42: 1 | L42: 0 | M42: 0 | O42: 0001887881_300580 | P42: PERDANA II | Q42: 1 | R42: 1 | S42: 1 | T42: 1 | V42: 0001887881_16ASNQ1017 | W42: TOKO BAROKAH ARINA | X42: 1 | Y42: 0 | Z42: 0 | AA42: 1 | AQ42: 0001887881_16APFS1035 | AR42: TOKO OMEN | AS42: 0 | AT42: 1 | AU42: 1 | AV42: 1 | AX42: 0001887881_16ARRL1015 | AY42: TOKO IYAN | AZ42: 1 | BA42: 0 | BB42: 0 | BC42: 1 | BE42: 0001887881_16ARAW1006 | BF42: TOKO D2 BERKAH | BG42: 1 | BH42: 1 | BI42: 1 | BJ42: 0
... H45: 0001887881_16ASNT1010 | I45: TOKO CITRA | J45: 0 | K45: 1 | L45: 0 | M45: 1 | O45: 0001887881_35412 | P45: Toko Berjaya | Q45: 1 | R45: 1 | S45: 1 | T45: 1 | V45: 0001887881_16ASNS1009 | W45: TOKO DITA I | X45: 1 | Y45: 1 | Z45: 1 | AA45: 0 | AQ45: 0001887881_16APFX1064 | AR45: TOKO HAKIM MAKMUR | AS45: 0 | AT45: 0 | AU45: 0 | AV45: 1 | AX45: 0001887881_16ARRO1016 | AY45: TOKO NESYA | AZ45: 0 | BA45: 1 | BB45: 1 | BC45: 1 | BE45: 0001887881_16ARAW1016 | BF45: TOKO KAYLA 2 | BG45: 0 | BH45: 0 | BI45: 1 | BJ45: 1
H46: 0001887881_16ASNX1026 | I46: TOKO SEMBIRING | J46: 1 | K46: 1 | L46: 1 | M46: 1 | O46: 0001887881_50054 | P46: TOKO HENDRA | Q46: 0 | R46: 0 | S46: 1 | T46: 0 | V46: 0001887881_16ASNS1010 | W46: TOKO BUDE DITA | X46: 1 | Y46: 0 | Z46: 0 | AA46: 1 | AQ46: 0001887881_16APFX1066 | AR46: TOKO TBK HARAPAN BARU DUA | AS46: 0 | AT46: 1 | AU46: 1 | AV46: 0 | AX46: Grand Total | AZ46: 21 | BA46: 18 | BB46: 17 | BC46: 27 | BE46: 0001887881_16ARAW1017 | BF46: Toko Anis | BG46: 0 | BH46: 0 | BI46: 1 | BJ46: 1
H47: 0001887881_16ASOC1042 | I47: toko ana | J47: 0 | K47: 0 | L47: 1 | M47: 1 | O47: 0001887881_515797 | P47: TOKO ALFA RIZKY | Q47: 1 | R47: 1 | S47: 1 | T47: 1 | V47: 0001887881_16ASNS1011 | W47: Toko DANISA | X47: 1 | Y47: 0 | Z47: 1 | AA47: 1 | AQ47: 0001887881_16APFX1069 | AR47: TOKO SANTO | AS47: 1 | AT47: 1 | AU47: 1 | AV47: 0 | BE47: 0001887881_16ARAW1022 | BF47: TOKO SAHRUL | BG47: 1 | BH47: 0 | BI47: 1 | BJ47: 1
H48: 0001887881_16ASXK1008 | I48: Toko alvin | J48: 0 | K48: 1 | L48: 1 | M48: 0 | O48: 0001887881_56871 | P48: TOKO AHAD | Q48: 1 | R48: 0 | S48: 0 | T48: 0 | V48: 0001887881_16ASNS1031 | W48: TOKO KOPILIH | X48: 0 | Y48: 0 | Z48: 1 | AA48: 0 | AQ48: 0001887881_16ASNU2266 | AR48: TOKO YESIKA | AS48: 0 | AT48: 1 | AU48: 1 | AV48: 1 | BE48: 0001887881_16ARBM1001 | BF48: Toko Syifa | BG48: 1 | BH48: 0 | BI48: 0 | BJ48: 0
H49: 0001887881_16ASXK1020 | I49: TOKO AMEL SNACK | J49: 1 | K49: 0 | L49: 1 | M49: 1 | O49: 0001887881_60018 | P49: BRIGSTONE DUA | Q49: 1 | R49: 0 | S49: 0 | T49: 0 | V49: 0001887881_16ASNV1027 | W49: Toko Barokah | X49: 1 | Y49: 1 | Z49: 1 | AA49: 1 | AQ49: 0001887881_16ASNV1030 | AR49: Toko Mami Iyel | AS49: 0 | AT49: 1 | AU49: 0 | AV49: 0 | BE49: Grand Total | BG49: 21 | BH49: 21 | BI49: 22 | BJ49: 31
H50: 0001887881_16ASXK1021 | I50: TOKO ANWAR BAROKAH | J50: 0 | K50: 1 | L50: 0 | M50: 0 | O50: 0001887881_80029 | P50: TOKO DEWI SRI | Q50: 0 | R50: 0 | S50: 1 | T50: 1 | V50: 0001887881_16ASOF1056 | W50: Toko Barokah | X50: 0 | Y50: 0 | Z50: 1 | AA50: 1 | AQ50: 0001887881_16ASNX1021 | AR50: TOKO EKAWATI | AS50: 1 | AT50: 1 | AU50: 1 | AV50: 0
H51: 0001887881_16ASXM1002 | I51: TOKO FAMILI BUNI SAKTI | J51: 0 | K51: 1 | L51: 1 | M51: 1 | O51: 0001887881_80184 | P51: TOKO TSM PLASTIK | Q51: 0 | R51: 1 | S51: 1 | T51: 0 | V51: 0001887881_16ASOF1061 | W51: TOKO AMBAR 2 | X51: 1 | Y51: 0 | Z51: 1 | AA51: 1 | AQ51: 0001887881_16ASNX1022 | AR51: TOKO ABY | AS51: 1 | AT51: 0 | AU51: 1 | AV51: 0
H52: 0001887881_16ASXO1004 | I52: TOKO FENNY MAKMUR | J52: 0 | K52: 1 | L52: 1 | M52: 0 | O52: 0001887881_90216 | P52: Toko Tujuh Tujuh | Q52: 0 | R52: 1 | S52: 1 | T52: 1 | V52: 0001887881_16ASOH1030 | W52: TOKO READI I | X52: 0 | Y52: 1 | Z52: 1 | AA52: 0 | AQ52: 0001887881_16ASOA1014 | AR52: TOKO ADHI SNACK AND FROZEN | AS52: 1 | AT52: 0 | AU52: 0 | AV52: 0
H53: 0001887881_16ASXO1008 | I53: TOKO KHANZA FROZEN | J53: 0 | K53: 1 | L53: 1 | M53: 0 | O53: 0001887881_90251 | P53: TOKO KURNIA SUSU | Q53: 0 | R53: 1 | S53: 1 | T53: 0 | V53: 0001887881_16ASTI1008 | W53: TOKO BAPAK NUR | X53: 1 | Y53: 1 | Z53: 1 | AA53: 0 | AQ53: 0001887881_16ASOB1011 | AR53: TOKO PERMATA | AS53: 0 | AT53: 0 | AU53: 0 | AV53: 1
H54: 0001887881_16ASXO1009 | I54: TOKO NURIL TUJUH | J54: 0 | K54: 1 | L54: 1 | M54: 0 | O54: 0001887881_91198 | P54: Toko Joni | Q54: 0 | R54: 0 | S54: 1 | T54: 1 | V54: 0001887881_16ASXL1015 | W54: TOKO RUNI | X54: 1 | Y54: 1 | Z54: 1 | AA54: 1 | AQ54: 0001887881_16ASOH1098 | AR54: TOKO EDI SNACK | AS54: 0 | AT54: 0 | AU54: 0 | AV54: 1
H55: 0001887881_177921 | I55: TOKO MURAH | J55: 1 | K55: 0 | L55: 0 | M55: 0 | O55: 0001887881_99664 | P55: TOKO RIZKY ABADI | Q55: 1 | R55: 0 | S55: 1 | T55: 1 | V55: 0001887881_171015 | W55: Toko Jaja | X55: 1 | Y55: 0 | Z55: 0 | AA55: 1 | AQ55: 0001887881_16ASTG1003 | AR55: TOKO CHITACHI | AS55: 1 | AT55: 1 | AU55: 0 | AV55: 0
H56: 0001887881_17AMKN1003 | I56: TOKO EKA JAYA MART | J56: 0 | K56: 0 | L56: 0 | M56: 1 | O56: 0001887881_C10033 | P56: TOKO WAWAN SEPULUH | Q56: 0 | R56: 1 | S56: 1 | T56: 1 | V56: 0001887881_19004 | W56: TOKO KHAMI SEMBAKO | X56: 1 | Y56: 0 | Z56: 1 | AA56: 1 | AQ56: 0001887881_202865 | AR56: TOKO DUA SAUDARA | AS56: 1 | AT56: 0 | AU56: 1 | AV56: 0
H57: 0001887881_17AMKN1004 | I57: TOKO WANTO | J57: 0 | K57: 0 | L57: 0 | M57: 1 | O57: 0001887881_O01454 | P57: TOKO MURAH JAYA | Q57: 1 | R57: 1 | S57: 1 | T57: 0 | V57: 0001887881_19011 | W57: TOKO SLAMET BERAS | X57: 1 | Y57: 1 | Z57: 1 | AA57: 1 | AQ57: 0001887881_20500 | AR57: TOKO MUGI RAHAYU | AS57: 1 | AT57: 0 | AU57: 1 | AV57: 1
H58: 0001887881_17AMKR1006 | I58: TOKO BANG JALI | J58: 1 | K58: 0 | L58: 1 | M58: 1 | O58: Grand Total | Q58: 25 | R58: 35 | S58: 36 | T58: 25 | V58: 0001887881_20018 | W58: TOKO TRILAKSANA | X58: 1 | Y58: 1 | Z58: 1 | AA58: 1 | AQ58: Grand Total | AS58: 28 | AT58: 33 | AU58: 33 | AV58: 25
H59: 0001887881_20079 | I59: Toko Syarif | J59: 1 | K59: 1 | L59: 0 | M59: 1 | V59: 0001887881_20053 | W59: Toko Enggal | X59: 1 | Y59: 1 | Z59: 1 | AA59: 0
H60: 0001887881_35286 | I60: Toko Iqbal | J60: 1 | K60: 1 | L60: 0 | M60: 0 | V60: 0001887881_20057 | W60: TOKO UNY PLASTIK MARAKASH | X60: 1 | Y60: 0 | Z60: 0 | AA60: 1
H61: 0001887881_35301 | I61: TOKO MAJU IMAM | J61: 0 | K61: 1 | L61: 1 | M61: 0 | V61: 0001887881_20190 | W61: TOKO RIMA | X61: 1 | Y61: 1 | Z61: 1 | AA61: 1
H62: 0001887881_35304 | I62: TOKO BUDIANTO MADURA | J62: 0 | K62: 0 | L62: 0 | M62: 1 | V62: 0001887881_20646 | W62: TOKO JULIO I | X62: 0 | Y62: 1 | Z62: 1 | AA62: 0
H63: 0001887881_40112 | I63: TOKO RIZKY AMBI | J63: 1 | K63: 1 | L63: 1 | M63: 1 | V63: 0001887881_35246 | W63: TOKO DADANG JAYA | X63: 0 | Y63: 0 | Z63: 0 | AA63: 1
H64: 0001887881_40165 | I64: TOKO AZRA | J64: 0 | K64: 0 | L64: 0 | M64: 1 | V64: 0001887881_40029 | W64: TOKO ASTI | X64: 1 | Y64: 1 | Z64: 1 | AA64: 1
H65: 0001887881_60005 | I65: TOKO PRIMA JAYA II | J65: 0 | K65: 0 | L65: 0 | M65: 1 | V65: 0001887881_40425 | W65: TOKO PERMATA MART | X65: 0 | Y65: 0 | Z65: 0 | AA65: 1
H66: 0001887881_90106 | I66: TOKO KUERNADI | J66: 0 | K66: 0 | L66: 1 | M66: 1 | V66: 0001887881_50083 | W66: TOKO CEMERLANG UTAMA | X66: 1 | Y66: 0 | Z66: 1 | AA66: 1
H67: 0001887881_90233 | I67: TOKO BAROENA | J67: 1 | K67: 0 | L67: 0 | M67: 0 | V67: 0001887881_50141 | W67: TOKO KARTIKA DEWI | X67: 1 | Y67: 1 | Z67: 0 | AA67: 1
H68: 0001887881_90235 | I68: TOKO AMANDA GROSIR | J68: 1 | K68: 1 | L68: 0 | M68: 1 | V68: 0001887881_50223 | W68: TOKO UMMUM MART | X68: 1 | Y68: 0 | Z68: 0 | AA68: 1
H69: 0001887881_91106 | I69: TOKO ARD | J69: 1 | K69: 1 | L69: 1 | M69: 0 | V69: 0001887881_60002 | W69: TOKO PANGKALAN II MM | X69: 1 | Y69: 0 | Z69: 0 | AA69: 0
H70: 0001887881_91129 | I70: TOKO FRESH MART WIWI 2804 | J70: 1 | K70: 1 | L70: 1 | M70: 1 | V70: 0001887881_60012 | W70: TOKO BANTAR GEBANG MM | X70: 1 | Y70: 1 | Z70: 1 | AA70: 1
H71: Grand Total | J71: 26 | K71: 37 | L71: 39 | M71: 44 | V71: 0001887881_70205 | W71: TOKO EDY PRIMA | X71: 1 | Y71: 1 | Z71: 0 | AA71: 1
V72: 0001887881_70242 | W72: KOPKAR PT BRAJA MUKTI CAKRA | X72: 1 | Y72: 0 | Z72: 0 | AA72: 1
V73: 0001887881_80037 | W73: TOKO AnD | X73: 1 | Y73: 0 | Z73: 0 | AA73: 1
V74: Grand Total | X74: 49 | Y74: 27 | Z74: 41 | AA74: 56

Sheet RAW SO
A1: Calendar[Month] | B1: Oct
A2: Channel[Channel L2 name] | B2: Provision | R2: =R4/R3 -> 0.14127219 | S2: =S4/S3 -> 0.13757396 | T2: =T4/T3 -> 0.14940828 | U2: =U4/U3 -> 0.15902367
R3: 1352 | S3: 1352 | T3: 1352 | U3: 1352
A4: Sum of [Sellout2] | C4: SKU[Local prod hier L5] | N4: 1.056 | O4: 1.056 | P4: 1.056 | Q4: 1.056 | R4: =SUBTOTAL(9,R6:R1048576) -> 191 | S4: =SUBTOTAL(9,S6:S1048576) -> 186 | T4: =SUBTOTAL(9,T6:T1048576) -> 202 | U4: =SUBTOTAL(9,U6:U1048576) -> 215
A5: Outlet[Outlet code] | B5: Outlet[Outlet name] | C5: Bear Brand STM 189ml SP | D5: Dancow Instant Sich | E5: Milo Tonic Sich | F5: Milo UHT | H5: Outlet[Outlet code] | I5: Outlet[Outlet name] | J5: Bear Brand STM 189ml SP | K5: Dancow Instant Sich | L5: Milo Tonic Sich | M5: Milo UHT | N5: Bear Brand STM 189ml SP GROSS | O5: Dancow Instant Sich GROSS | P5: Milo Tonic Sich GROSS | Q5: Milo UHT GROSS | R5: MSS BB | S5: MSS Dc Inst | T5: MSS Milo Ton | U5: MSS Milo UHT | V5: Salesman Name | W5: Visit Day
A6: 0001887881_10056 | B6: TOKO PRIMA JAYA 6 | C6: 25086.174 | D6: 123372.63 | H6: =A6 -> 0001887881_10056 | I6: =B6 -> TOKO PRIMA JAYA 6 | J6: =C6 -> 25086.174 | K6: =D6 -> 123372.63 | L6: =E6 -> 0 | M6: =F6 -> 0 | N6: =J6*$N$4 -> 26491 | O6: =K6*$O$4 -> 130281.5 | P6: =L6*$P$4 -> 0 | Q6: =M6*$Q$4 -> 0 | R6: =IF(N6>Treshold!$D$4,1,0) -> 1 | S6: =IF(O6>Treshold!$D$5,1,0) -> 1 | T6: =IF(P6>Treshold!$D$6,1,0) -> 0 | U6: =IF(Q6>Treshold!$D$7,1,0) -> 0 | V6: =IFERROR(VLOOKUP(H6,jp!AL:AP,4,0),"Belum Masuk JP") -> Tuan Suhanda | W6: =IFERROR(VLOOKUP(H6,jp!AL:AP,5,0),0) -> 3
A7: 0001887881_10070 | B7: ARIA | D7: 246745.27 | E7: 635583.33 | H7: =A7 -> 0001887881_10070 | I7: =B7 -> ARIA | J7: =C7 -> 0 | K7: =D7 -> 246745.27 | L7: =E7 -> 635583.33 | M7: =F7 -> 0 | N7: =J7*$N$4 -> 0 | O7: =K7*$O$4 -> 260563 | P7: =L7*$P$4 -> 671176 | Q7: =M7*$Q$4 -> 0 | R7: =IF(N7>Treshold!$D$4,1,0) -> 0 | S7: =IF(O7>Treshold!$D$5,1,0) -> 1 | T7: =IF(P7>Treshold!$D$6,1,0) -> 1 | U7: =IF(Q7>Treshold!$D$7,1,0) -> 0 | V7: =IFERROR(VLOOKUP(H7,jp!AL:AP,4,0),"Belum Masuk JP") -> Tuan Suhanda | W7: =IFERROR(VLOOKUP(H7,jp!AL:AP,5,0),0) -> 1
A8: 0001887881_10083 | B8: TOKO NURUL ALFI | C8: 501723.48 | F8: 100677.01 | H8: =A8 -> 0001887881_10083 | I8: =B8 -> TOKO NURUL ALFI | J8: =C8 -> 501723.48 | K8: =D8 -> 0 | L8: =E8 -> 0 | M8: =F8 -> 100677.01 | N8: =J8*$N$4 -> 529820 | O8: =K8*$O$4 -> 0 | P8: =L8*$P$4 -> 0 | Q8: =M8*$Q$4 -> 106314.92 | R8: =IF(N8>Treshold!$D$4,1,0) -> 1 | S8: =IF(O8>Treshold!$D$5,1,0) -> 0 | T8: =IF(P8>Treshold!$D$6,1,0) -> 0 | U8: =IF(Q8>Treshold!$D$7,1,0) -> 1 | V8: =IFERROR(VLOOKUP(H8,jp!AL:AP,4,0),"Belum Masuk JP") -> Abdul | W8: =IFERROR(VLOOKUP(H8,jp!AL:AP,5,0),0) -> 3
A9: 0001887881_10131 | B9: TOKO Mulia | C9: 1003447 | D9: 61686.316 | H9: =A9 -> 0001887881_10131 | I9: =B9 -> TOKO Mulia | J9: =C9 -> 1003447 | K9: =D9 -> 61686.316 | L9: =E9 -> 0 | M9: =F9 -> 0 | N9: =J9*$N$4 -> 1059640 | O9: =K9*$O$4 -> 65140.75 | P9: =L9*$P$4 -> 0 | Q9: =M9*$Q$4 -> 0 | R9: =IF(N9>Treshold!$D$4,1,0) -> 1 | S9: =IF(O9>Treshold!$D$5,1,0) -> 1 | T9: =IF(P9>Treshold!$D$6,1,0) -> 0 | U9: =IF(Q9>Treshold!$D$7,1,0) -> 0 | V9: =IFERROR(VLOOKUP(H9,jp!AL:AP,4,0),"Belum Masuk JP") -> Tuan Suhanda | W9: =IFERROR(VLOOKUP(H9,jp!AL:AP,5,0),0) -> 2
A10: 0001887881_10200 | B10: Toko Berkah | C10: 250861.74 | E10: 635583.33 | F10: 150635.42 | H10: =A10 -> 0001887881_10200 | I10: =B10 -> Toko Berkah | J10: =C10 -> 250861.74 | K10: =D10 -> 0 | L10: =E10 -> 635583.33 | M10: =F10 -> 150635.42 | N10: =J10*$N$4 -> 264910 | O10: =K10*$O$4 -> 0 | P10: =L10*$P$4 -> 671176 | Q10: =M10*$Q$4 -> 159071 | R10: =IF(N10>Treshold!$D$4,1,0) -> 1 | S10: =IF(O10>Treshold!$D$5,1,0) -> 0 | T10: =IF(P10>Treshold!$D$6,1,0) -> 1 | U10: =IF(Q10>Treshold!$D$7,1,0) -> 1 | V10: =IFERROR(VLOOKUP(H10,jp!AL:AP,4,0),"Belum Masuk JP") -> Abdul | W10: =IFERROR(VLOOKUP(H10,jp!AL:AP,5,0),0) -> 2
A11: 0001887881_10213 | B11: TOKO DAFFA | C11: 3762926.1 | D11: 986981.06 | E11: 3177916.7 | F11: 745392.99 | H11: =A11 -> 0001887881_10213 | I11: =B11 -> TOKO DAFFA | J11: =C11 -> 3762926.1 | K11: =D11 -> 986981.06 | L11: =E11 -> 3177916.7 | M11: =F11 -> 745392.99 | N11: =J11*$N$4 -> 3973650 | O11: =K11*$O$4 -> 1042252 | P11: =L11*$P$4 -> 3355880 | Q11: =M11*$Q$4 -> 787135 | R11: =IF(N11>Treshold!$D$4,1,0) -> 1 | S11: =IF(O11>Treshold!$D$5,1,0) -> 1 | T11: =IF(P11>Treshold!$D$6,1,0) -> 1 | U11: =IF(Q11>Treshold!$D$7,1,0) -> 1 | V11: =IFERROR(VLOOKUP(H11,jp!AL:AP,4,0),"Belum Masuk JP") -> Fariq | W11: =IFERROR(VLOOKUP(H11,jp!AL:AP,5,0),0) -> 5
A12: 0001887881_10217 | B12: TOKO AULIA EMPAT | F12: 150635.42 | H12: =A12 -> 0001887881_10217 | I12: =B12 -> TOKO AULIA EMPAT | J12: =C12 -> 0 | K12: =D12 -> 0 | L12: =E12 -> 0 | M12: =F12 -> 150635.42 | N12: =J12*$N$4 -> 0 | O12: =K12*$O$4 -> 0 | P12: =L12*$P$4 -> 0 | Q12: =M12*$Q$4 -> 159071 | R12: =IF(N12>Treshold!$D$4,1,0) -> 0 | S12: =IF(O12>Treshold!$D$5,1,0) -> 0 | T12: =IF(P12>Treshold!$D$6,1,0) -> 0 | U12: =IF(Q12>Treshold!$D$7,1,0) -> 1 | V12: =IFERROR(VLOOKUP(H12,jp!AL:AP,4,0),"Belum Masuk JP") -> Watinah Amalia | W12: =IFERROR(VLOOKUP(H12,jp!AL:AP,5,0),0) -> 4
A13: 0001887881_10242 | B13: Toko Baru VIII | C13: 250861.74 | E13: 333681.25 | F13: 9897.197 | H13: =A13 -> 0001887881_10242 | I13: =B13 -> Toko Baru VIII | J13: =C13 -> 250861.74 | K13: =D13 -> 0 | L13: =E13 -> 333681.25 | M13: =F13 -> 9897.197 | N13: =J13*$N$4 -> 264910 | O13: =K13*$O$4 -> 0 | P13: =L13*$P$4 -> 352367.4 | Q13: =M13*$Q$4 -> 10451.44 | R13: =IF(N13>Treshold!$D$4,1,0) -> 1 | S13: =IF(O13>Treshold!$D$5,1,0) -> 0 | T13: =IF(P13>Treshold!$D$6,1,0) -> 1 | U13: =IF(Q13>Treshold!$D$7,1,0) -> 0 | V13: =IFERROR(VLOOKUP(H13,jp!AL:AP,4,0),"Belum Masuk JP") -> Abdul | W13: =IFERROR(VLOOKUP(H13,jp!AL:AP,5,0),0) -> 4
A14: 0001887881_10311 | B14: Terang Jaya | E14: 3177916.7 | F14: 1579860.8 | H14: =A14 -> 0001887881_10311 | I14: =B14 -> Terang Jaya | J14: =C14 -> 0 | K14: =D14 -> 0 | L14: =E14 -> 3177916.7 | M14: =F14 -> 1579860.8 | N14: =J14*$N$4 -> 0 | O14: =K14*$O$4 -> 0 | P14: =L14*$P$4 -> 3355880 | Q14: =M14*$Q$4 -> 1668333 | R14: =IF(N14>Treshold!$D$4,1,0) -> 0 | S14: =IF(O14>Treshold!$D$5,1,0) -> 0 | T14: =IF(P14>Treshold!$D$6,1,0) -> 1 | U14: =IF(Q14>Treshold!$D$7,1,0) -> 1 | V14: =IFERROR(VLOOKUP(H14,jp!AL:AP,4,0),"Belum Masuk JP") -> Tuan Suhanda | W14: =IFERROR(VLOOKUP(H14,jp!AL:AP,5,0),0) -> 2
A15: 0001887881_10327 | B15: TOKO PARMAN | D15: 61686.316 | F15: 3998660 | H15: =A15 -> 0001887881_10327 | I15: =B15 -> TOKO PARMAN | J15: =C15 -> 0 | K15: =D15 -> 61686.316 | L15: =E15 -> 0 | M15: =F15 -> 3998660 | N15: =J15*$N$4 -> 0 | O15: =K15*$O$4 -> 65140.75 | P15: =L15*$P$4 -> 0 | Q15: =M15*$Q$4 -> 4222585 | R15: =IF(N15>Treshold!$D$4,1,0) -> 0 | S15: =IF(O15>Treshold!$D$5,1,0) -> 1 | T15: =IF(P15>Treshold!$D$6,1,0) -> 0 | U15: =IF(Q15>Treshold!$D$7,1,0) -> 1 | V15: =IFERROR(VLOOKUP(H15,jp!AL:AP,4,0),"Belum Masuk JP") -> Tuan Suhanda | W15: =IFERROR(VLOOKUP(H15,jp!AL:AP,5,0),0) -> 2
A16: 0001887881_10392 | B16: TOKO ALJABAL | C16: 752585.23 | F16: 746949.81 | H16: =A16 -> 0001887881_10392 | I16: =B16 -> TOKO ALJABAL | J16: =C16 -> 752585.23 | K16: =D16 -> 0 | L16: =E16 -> 0 | M16: =F16 -> 746949.81 | N16: =J16*$N$4 -> 794730 | O16: =K16*$O$4 -> 0 | P16: =L16*$P$4 -> 0 | Q16: =M16*$Q$4 -> 788779 | R16: =IF(N16>Treshold!$D$4,1,0) -> 1 | S16: =IF(O16>Treshold!$D$5,1,0) -> 0 | T16: =IF(P16>Treshold!$D$6,1,0) -> 0 | U16: =IF(Q16>Treshold!$D$7,1,0) -> 1 | V16: =IFERROR(VLOOKUP(H16,jp!AL:AP,4,0),"Belum Masuk JP") -> Tuan Suhanda | W16: =IFERROR(VLOOKUP(H16,jp!AL:AP,5,0),0) -> 5
A17: 0001887881_1523358 | B17: TOKO HAJI DIANA | C17: 2508617.4 | D17: 986981.06 | E17: 953375 | F17: 89074.811 | H17: =A17 -> 0001887881_1523358 | I17: =B17 -> TOKO HAJI DIANA | J17: =C17 -> 2508617.4 | K17: =D17 -> 986981.06 | L17: =E17 -> 953375 | M17: =F17 -> 89074.811 | N17: =J17*$N$4 -> 2649100 | O17: =K17*$O$4 -> 1042252 | P17: =L17*$P$4 -> 1006764 | Q17: =M17*$Q$4 -> 94063 | R17: =IF(N17>Treshold!$D$4,1,0) -> 1 | S17: =IF(O17>Treshold!$D$5,1,0) -> 1 | T17: =IF(P17>Treshold!$D$6,1,0) -> 1 | U17: =IF(Q17>Treshold!$D$7,1,0) -> 1 | V17: =IFERROR(VLOOKUP(H17,jp!AL:AP,4,0),"Belum Masuk JP") -> Watinah Amalia | W17: =IFERROR(VLOOKUP(H17,jp!AL:AP,5,0),0) -> 2
A18: 0001887881_1523377 | B18: TOKO AL AZHAR | C18: 25086.174 | D18: 61686.316 | E18: 1588958.3 | F18: 746644.89 | H18: =A18 -> 0001887881_1523377 | I18: =B18 -> TOKO AL AZHAR | J18: =C18 -> 25086.174 | K18: =D18 -> 61686.316 | L18: =E18 -> 1588958.3 | M18: =F18 -> 746644.89 | N18: =J18*$N$4 -> 26491 | O18: =K18*$O$4 -> 65140.75 | P18: =L18*$P$4 -> 1677940 | Q18: =M18*$Q$4 -> 788457 | R18: =IF(N18>Treshold!$D$4,1,0) -> 1 | S18: =IF(O18>Treshold!$D$5,1,0) -> 1 | T18: =IF(P18>Treshold!$D$6,1,0) -> 1 | U18: =IF(Q18>Treshold!$D$7,1,0) -> 1 | V18: =IFERROR(VLOOKUP(H18,jp!AL:AP,4,0),"Belum Masuk JP") -> Watinah Amalia | W18: =IFERROR(VLOOKUP(H18,jp!AL:AP,5,0),0) -> 1
A19: 0001887881_1523378 | B19: TOKO KORBI STORE | F19: 89074.811 | H19: =A19 -> 0001887881_1523378 | I19: =B19 -> TOKO KORBI STORE | J19: =C19 -> 0 | K19: =D19 -> 0 | L19: =E19 -> 0 | M19: =F19 -> 89074.811 | N19: =J19*$N$4 -> 0 | O19: =K19*$O$4 -> 0 | P19: =L19*$P$4 -> 0 | Q19: =M19*$Q$4 -> 94063 | R19: =IF(N19>Treshold!$D$4,1,0) -> 0 | S19: =IF(O19>Treshold!$D$5,1,0) -> 0 | T19: =IF(P19>Treshold!$D$6,1,0) -> 0 | U19: =IF(Q19>Treshold!$D$7,1,0) -> 1 | V19: =IFERROR(VLOOKUP(H19,jp!AL:AP,4,0),"Belum Masuk JP") -> Watinah Amalia | W19: =IFERROR(VLOOKUP(H19,jp!AL:AP,5,0),0) -> 4
A20: 0001887881_161012 | B20: Toko Dini (psMGT) | D20: 61686.316 | H20: =A20 -> 0001887881_161012 | I20: =B20 -> Toko Dini (psMGT) | J20: =C20 -> 0 | K20: =D20 -> 61686.316 | L20: =E20 -> 0 | M20: =F20 -> 0 | N20: =J20*$N$4 -> 0 | O20: =K20*$O$4 -> 65140.75 | P20: =L20*$P$4 -> 0 | Q20: =M20*$Q$4 -> 0 | R20: =IF(N20>Treshold!$D$4,1,0) -> 0 | S20: =IF(O20>Treshold!$D$5,1,0) -> 1 | T20: =IF(P20>Treshold!$D$6,1,0) -> 0 | U20: =IF(Q20>Treshold!$D$7,1,0) -> 0 | V20: =IFERROR(VLOOKUP(H20,jp!AL:AP,4,0),"Belum Masuk JP") -> Tuan Suhanda | W20: =IFERROR(VLOOKUP(H20,jp!AL:AP,5,0),0) -> 5
A21: 0001887881_16AKRT1003 | B21: TOKO FB MULYA SEJAHTERA | E21: 1588958.3 | F21: 1198551.1 | H21: =A21 -> 0001887881_16AKRT1003 | I21: =B21 -> TOKO FB MULYA SEJAHTERA | J21: =C21 -> 0 | K21: =D21 -> 0 | L21: =E21 -> 1588958.3 | M21: =F21 -> 1198551.1 | N21: =J21*$N$4 -> 0 | O21: =K21*$O$4 -> 0 | P21: =L21*$P$4 -> 1677940 | Q21: =M21*$Q$4 -> 1265670 | R21: =IF(N21>Treshold!$D$4,1,0) -> 0 | S21: =IF(O21>Treshold!$D$5,1,0) -> 0 | T21: =IF(P21>Treshold!$D$6,1,0) -> 1 | U21: =IF(Q21>Treshold!$D$7,1,0) -> 1 | V21: =IFERROR(VLOOKUP(H21,jp!AL:AP,4,0),"Belum Masuk JP") -> Watinah Amalia | W21: =IFERROR(VLOOKUP(H21,jp!AL:AP,5,0),0) -> 6
A22: 0001887881_16AKRT1007 | B22: TOKO APOTIK AYAH | C22: 250861.74 | F22: 239710.23 | H22: =A22 -> 0001887881_16AKRT1007 | I22: =B22 -> TOKO APOTIK AYAH | J22: =C22 -> 250861.74 | K22: =D22 -> 0 | L22: =E22 -> 0 | M22: =F22 -> 239710.23 | N22: =J22*$N$4 -> 264910 | O22: =K22*$O$4 -> 0 | P22: =L22*$P$4 -> 0 | Q22: =M22*$Q$4 -> 253134 | R22: =IF(N22>Treshold!$D$4,1,0) -> 1 | S22: =IF(O22>Treshold!$D$5,1,0) -> 0 | T22: =IF(P22>Treshold!$D$6,1,0) -> 0 | U22: =IF(Q22>Treshold!$D$7,1,0) -> 1 | V22: =IFERROR(VLOOKUP(H22,jp!AL:AP,4,0),"Belum Masuk JP") -> Watinah Amalia | W22: =IFERROR(VLOOKUP(H22,jp!AL:AP,5,0),0) -> 6
A23: 0001887881_16AKRT1010 | B23: TOKO ELSA TARUMAJAYA | C23: 501723.48 | E23: 31779.167 | F23: 89074.811 | H23: =A23 -> 0001887881_16AKRT1010 | I23: =B23 -> TOKO ELSA TARUMAJAYA | J23: =C23 -> 501723.48 | K23: =D23 -> 0 | L23: =E23 -> 31779.167 | M23: =F23 -> 89074.811 | N23: =J23*$N$4 -> 529820 | O23: =K23*$O$4 -> 0 | P23: =L23*$P$4 -> 33558.8 | Q23: =M23*$Q$4 -> 94063 | R23: =IF(N23>Treshold!$D$4,1,0) -> 1 | S23: =IF(O23>Treshold!$D$5,1,0) -> 0 | T23: =IF(P23>Treshold!$D$6,1,0) -> 1 | U23: =IF(Q23>Treshold!$D$7,1,0) -> 1 | V23: =IFERROR(VLOOKUP(H23,jp!AL:AP,4,0),"Belum Masuk JP") -> Watinah Amalia | W23: =IFERROR(VLOOKUP(H23,jp!AL:AP,5,0),0) -> 6
A24: 0001887881_16AKRX1004 | B24: TOKO KEKE FROZEN | E24: 79447.917 | F24: 149770.51 | H24: =A24 -> 0001887881_16AKRX1004 | I24: =B24 -> TOKO KEKE FROZEN | J24: =C24 -> 0 | K24: =D24 -> 0 | L24: =E24 -> 79447.917 | M24: =F24 -> 149770.51 | N24: =J24*$N$4 -> 0 | O24: =K24*$O$4 -> 0 | P24: =L24*$P$4 -> 83897 | Q24: =M24*$Q$4 -> 158157.66 | R24: =IF(N24>Treshold!$D$4,1,0) -> 0 | S24: =IF(O24>Treshold!$D$5,1,0) -> 0 | T24: =IF(P24>Treshold!$D$6,1,0) -> 1 | U24: =IF(Q24>Treshold!$D$7,1,0) -> 1 | V24: =IFERROR(VLOOKUP(H24,jp!AL:AP,4,0),"Belum Masuk JP") -> Watinah Amalia | W24: =IFERROR(VLOOKUP(H24,jp!AL:AP,5,0),0) -> 6
A25: 0001887881_16AKRZ1004 | B25: ALMIRA JAYA MANDIRI | E25: 79447.917 | F25: 138032.61 | H25: =A25 -> 0001887881_16AKRZ1004 | I25: =B25 -> ALMIRA JAYA MANDIRI | J25: =C25 -> 0 | K25: =D25 -> 0 | L25: =E25 -> 79447.917 | M25: =F25 -> 138032.61 | N25: =J25*$N$4 -> 0 | O25: =K25*$O$4 -> 0 | P25: =L25*$P$4 -> 83897 | Q25: =M25*$Q$4 -> 145762.44 | R25: =IF(N25>Treshold!$D$4,1,0) -> 0 | S25: =IF(O25>Treshold!$D$5,1,0) -> 0 | T25: =IF(P25>Treshold!$D$6,1,0) -> 1 | U25: =IF(Q25>Treshold!$D$7,1,0) -> 1 | V25: =IFERROR(VLOOKUP(H25,jp!AL:AP,4,0),"Belum Masuk JP") -> Watinah Amalia | W25: =IFERROR(VLOOKUP(H25,jp!AL:AP,5,0),0) -> 6
A26: 0001887881_16AKWU1003 | B26: Toko Makmur Sentosa | C26: 83620.578 | D26: 61686.316 | E26: 47668.75 | H26: =A26 -> 0001887881_16AKWU1003 | I26: =B26 -> Toko Makmur Sentosa | J26: =C26 -> 83620.578 | K26: =D26 -> 61686.316 | L26: =E26 -> 47668.75 | M26: =F26 -> 0 | N26: =J26*$N$4 -> 88303.33 | O26: =K26*$O$4 -> 65140.75 | P26: =L26*$P$4 -> 50338.2 | Q26: =M26*$Q$4 -> 0 | R26: =IF(N26>Treshold!$D$4,1,0) -> 1 | S26: =IF(O26>Treshold!$D$5,1,0) -> 1 | T26: =IF(P26>Treshold!$D$6,1,0) -> 1 | U26: =IF(Q26>Treshold!$D$7,1,0) -> 0 | V26: =IFERROR(VLOOKUP(H26,jp!AL:AP,4,0),"Belum Masuk JP") -> Watinah Amalia | W26: =IFERROR(VLOOKUP(H26,jp!AL:AP,5,0),0) -> 5
A27: 0001887881_16AKWV1003 | B27: Toko Simas | C27: 501723.48 | D27: 493490.53 | E27: 317791.67 | F27: 417859.85 | H27: =A27 -> 0001887881_16AKWV1003 | I27: =B27 -> Toko Simas | J27: =C27 -> 501723.48 | K27: =D27 -> 493490.53 | L27: =E27 -> 317791.67 | M27: =F27 -> 417859.85 | N27: =J27*$N$4 -> 529820 | O27: =K27*$O$4 -> 521126 | P27: =L27*$P$4 -> 335588 | Q27: =M27*$Q$4 -> 441260 | R27: =IF(N27>Treshold!$D$4,1,0) -> 1 | S27: =IF(O27>Treshold!$D$5,1,0) -> 1 | T27: =IF(P27>Treshold!$D$6,1,0) -> 1 | U27: =IF(Q27>Treshold!$D$7,1,0) -> 1 | V27: =IFERROR(VLOOKUP(H27,jp!AL:AP,4,0),"Belum Masuk JP") -> Watinah Amalia | W27: =IFERROR(VLOOKUP(H27,jp!AL:AP,5,0),0) -> 2
A28: 0001887881_16AKWV1005 | B28: TOKO MENARA DUA GROSIR | D28: 185058.95 | E28: 158895.83 | H28: =A28 -> 0001887881_16AKWV1005 | I28: =B28 -> TOKO MENARA DUA GROSIR | J28: =C28 -> 0 | K28: =D28 -> 185058.95 | L28: =E28 -> 158895.83 | M28: =F28 -> 0 | N28: =J28*$N$4 -> 0 | O28: =K28*$O$4 -> 195422.25 | P28: =L28*$P$4 -> 167794 | Q28: =M28*$Q$4 -> 0 | R28: =IF(N28>Treshold!$D$4,1,0) -> 0 | S28: =IF(O28>Treshold!$D$5,1,0) -> 1 | T28: =IF(P28>Treshold!$D$6,1,0) -> 1 | U28: =IF(Q28>Treshold!$D$7,1,0) -> 0 | V28: =IFERROR(VLOOKUP(H28,jp!AL:AP,4,0),"Belum Masuk JP") -> Watinah Amalia | W28: =IFERROR(VLOOKUP(H28,jp!AL:AP,5,0),0) -> 2
A29: 0001887881_16AKWV1008 | B29: TOKO LARIS TIGA | D29: 246745.27 | F29: 88124.053 | H29: =A29 -> 0001887881_16AKWV1008 | I29: =B29 -> TOKO LARIS TIGA | J29: =C29 -> 0 | K29: =D29 -> 246745.27 | L29: =E29 -> 0 | M29: =F29 -> 88124.053 | N29: =J29*$N$4 -> 0 | O29: =K29*$O$4 -> 260563 | P29: =L29*$P$4 -> 0 | Q29: =M29*$Q$4 -> 93059 | R29: =IF(N29>Treshold!$D$4,1,0) -> 0 | S29: =IF(O29>Treshold!$D$5,1,0) -> 1 | T29: =IF(P29>Treshold!$D$6,1,0) -> 0 | U29: =IF(Q29>Treshold!$D$7,1,0) -> 1 | V29: =IFERROR(VLOOKUP(H29,jp!AL:AP,4,0),"Belum Masuk JP") -> Fariq | W29: =IFERROR(VLOOKUP(H29,jp!AL:AP,5,0),0) -> 1
A30: 0001887881_16AKWV1009 | B30: toko eno | C30: 2508617.4 | D30: 1480471.6 | E30: 953375 | F30: 239710.23 | H30: =A30 -> 0001887881_16AKWV1009 | I30: =B30 -> toko eno | J30: =C30 -> 2508617.4 | K30: =D30 -> 1480471.6 | L30: =E30 -> 953375 | M30: =F30 -> 239710.23 | N30: =J30*$N$4 -> 2649100 | O30: =K30*$O$4 -> 1563378 | P30: =L30*$P$4 -> 1006764 | Q30: =M30*$Q$4 -> 253134 | R30: =IF(N30>Treshold!$D$4,1,0) -> 1 | S30: =IF(O30>Treshold!$D$5,1,0) -> 1 | T30: =IF(P30>Treshold!$D$6,1,0) -> 1 | U30: =IF(Q30>Treshold!$D$7,1,0) -> 1 | V30: =IFERROR(VLOOKUP(H30,jp!AL:AP,4,0),"Belum Masuk JP") -> Abdul | W30: =IFERROR(VLOOKUP(H30,jp!AL:AP,5,0),0) -> 2
A31: 0001887881_16AKWV1045 | B31: Toko Berkah | D31: 92529.479 | E31: 317791.67 | H31: =A31 -> 0001887881_16AKWV1045 | I31: =B31 -> Toko Berkah | J31: =C31 -> 0 | K31: =D31 -> 92529.479 | L31: =E31 -> 317791.67 | M31: =F31 -> 0 | N31: =J31*$N$4 -> 0 | O31: =K31*$O$4 -> 97711.13 | P31: =L31*$P$4 -> 335588 | Q31: =M31*$Q$4 -> 0 | R31: =IF(N31>Treshold!$D$4,1,0) -> 0 | S31: =IF(O31>Treshold!$D$5,1,0) -> 1 | T31: =IF(P31>Treshold!$D$6,1,0) -> 1 | U31: =IF(Q31>Treshold!$D$7,1,0) -> 0 | V31: =IFERROR(VLOOKUP(H31,jp!AL:AP,4,0),"Belum Masuk JP") -> Fariq | W31: =IFERROR(VLOOKUP(H31,jp!AL:AP,5,0),0) -> 3
A32: 0001887881_16AKWV1048 | B32: Toko Saidah | C32: 752585.23 | E32: 317791.67 | F32: 176248.11 | H32: =A32 -> 0001887881_16AKWV1048 | I32: =B32 -> Toko Saidah | J32: =C32 -> 752585.23 | K32: =D32 -> 0 | L32: =E32 -> 317791.67 | M32: =F32 -> 176248.11 | N32: =J32*$N$4 -> 794730 | O32: =K32*$O$4 -> 0 | P32: =L32*$P$4 -> 335588 | Q32: =M32*$Q$4 -> 186118 | R32: =IF(N32>Treshold!$D$4,1,0) -> 1 | S32: =IF(O32>Treshold!$D$5,1,0) -> 0 | T32: =IF(P32>Treshold!$D$6,1,0) -> 1 | U32: =IF(Q32>Treshold!$D$7,1,0) -> 1 | V32: =IFERROR(VLOOKUP(H32,jp!AL:AP,4,0),"Belum Masuk JP") -> Fariq | W32: =IFERROR(VLOOKUP(H32,jp!AL:AP,5,0),0) -> 6
A33: 0001887881_16AKWV1051 | B33: TOKO DODIT | C33: 250861.74 | F33: 101627.77 | H33: =A33 -> 0001887881_16AKWV1051 | I33: =B33 -> TOKO DODIT | J33: =C33 -> 250861.74 | K33: =D33 -> 0 | L33: =E33 -> 0 | M33: =F33 -> 101627.77 | N33: =J33*$N$4 -> 264910 | O33: =K33*$O$4 -> 0 | P33: =L33*$P$4 -> 0 | Q33: =M33*$Q$4 -> 107318.92 | R33: =IF(N33>Treshold!$D$4,1,0) -> 1 | S33: =IF(O33>Treshold!$D$5,1,0) -> 0 | T33: =IF(P33>Treshold!$D$6,1,0) -> 0 | U33: =IF(Q33>Treshold!$D$7,1,0) -> 1 | V33: =IFERROR(VLOOKUP(H33,jp!AL:AP,4,0),"Belum Masuk JP") -> Abdul | W33: =IFERROR(VLOOKUP(H33,jp!AL:AP,5,0),0) -> 2
A34: 0001887881_16AKWV1052 | B34: TOKO CERMAI | C34: 250861.74 | F34: 89074.811 | H34: =A34 -> 0001887881_16AKWV1052 | I34: =B34 -> TOKO CERMAI | J34: =C34 -> 250861.74 | K34: =D34 -> 0 | L34: =E34 -> 0 | M34: =F34 -> 89074.811 | N34: =J34*$N$4 -> 264910 | O34: =K34*$O$4 -> 0 | P34: =L34*$P$4 -> 0 | Q34: =M34*$Q$4 -> 94063 | R34: =IF(N34>Treshold!$D$4,1,0) -> 1 | S34: =IF(O34>Treshold!$D$5,1,0) -> 0 | T34: =IF(P34>Treshold!$D$6,1,0) -> 0 | U34: =IF(Q34>Treshold!$D$7,1,0) -> 1 | V34: =IFERROR(VLOOKUP(H34,jp!AL:AP,4,0),"Belum Masuk JP") -> Fariq | W34: =IFERROR(VLOOKUP(H34,jp!AL:AP,5,0),0) -> 5
A35: 0001887881_16AKWV3646 | B35: Toko Tamaguna | C35: 2508617.4 | F35: 1626633.5 | H35: =A35 -> 0001887881_16AKWV3646 | I35: =B35 -> Toko Tamaguna | J35: =C35 -> 2508617.4 | K35: =D35 -> 0 | L35: =E35 -> 0 | M35: =F35 -> 1626633.5 | N35: =J35*$N$4 -> 2649100 | O35: =K35*$O$4 -> 0 | P35: =L35*$P$4 -> 0 | Q35: =M35*$Q$4 -> 1717725 | R35: =IF(N35>Treshold!$D$4,1,0) -> 1 | S35: =IF(O35>Treshold!$D$5,1,0) -> 0 | T35: =IF(P35>Treshold!$D$6,1,0) -> 0 | U35: =IF(Q35>Treshold!$D$7,1,0) -> 1 | V35: =IFERROR(VLOOKUP(H35,jp!AL:AP,4,0),"Belum Masuk JP") -> Fariq | W35: =IFERROR(VLOOKUP(H35,jp!AL:AP,5,0),0) -> 3
A36: 0001887881_16AKWV3648 | B36: Toko Surya Mart | C36: 100344.7 | F36: 88124.053 | H36: =A36 -> 0001887881_16AKWV3648 | I36: =B36 -> Toko Surya Mart | J36: =C36 -> 100344.7 | K36: =D36 -> 0 | L36: =E36 -> 0 | M36: =F36 -> 88124.053 | N36: =J36*$N$4 -> 105964 | O36: =K36*$O$4 -> 0 | P36: =L36*$P$4 -> 0 | Q36: =M36*$Q$4 -> 93059 | R36: =IF(N36>Treshold!$D$4,1,0) -> 1 | S36: =IF(O36>Treshold!$D$5,1,0) -> 0 | T36: =IF(P36>Treshold!$D$6,1,0) -> 0 | U36: =IF(Q36>Treshold!$D$7,1,0) -> 1 | V36: =IFERROR(VLOOKUP(H36,jp!AL:AP,4,0),"Belum Masuk JP") -> Fariq | W36: =IFERROR(VLOOKUP(H36,jp!AL:AP,5,0),0) -> 6
A37: 0001887881_16AKWX1005 | B37: TOKO SEMBAKO AL BAROKAH EMPAT | D37: 493490.53 | E37: 317791.67 | H37: =A37 -> 0001887881_16AKWX1005 | I37: =B37 -> TOKO SEMBAKO AL BAROKAH EMPAT | J37: =C37 -> 0 | K37: =D37 -> 493490.53 | L37: =E37 -> 317791.67 | M37: =F37 -> 0 | N37: =J37*$N$4 -> 0 | O37: =K37*$O$4 -> 521126 | P37: =L37*$P$4 -> 335588 | Q37: =M37*$Q$4 -> 0 | R37: =IF(N37>Treshold!$D$4,1,0) -> 0 | S37: =IF(O37>Treshold!$D$5,1,0) -> 1 | T37: =IF(P37>Treshold!$D$6,1,0) -> 1 | U37: =IF(Q37>Treshold!$D$7,1,0) -> 0 | V37: =IFERROR(VLOOKUP(H37,jp!AL:AP,4,0),"Belum Masuk JP") -> Watinah Amalia | W37: =IFERROR(VLOOKUP(H37,jp!AL:AP,5,0),0) -> 1
A38: 0001887881_16AKWY1004 | B38: TOKO ROPIKOH | C38: 1254308.7 | D38: 493490.53 | E38: 1271166.7 | F38: 479420.45 | H38: =A38 -> 0001887881_16AKWY1004 | I38: =B38 -> TOKO ROPIKOH | J38: =C38 -> 1254308.7 | K38: =D38 -> 493490.53 | L38: =E38 -> 1271166.7 | M38: =F38 -> 479420.45 | N38: =J38*$N$4 -> 1324550 | O38: =K38*$O$4 -> 521126 | P38: =L38*$P$4 -> 1342352 | Q38: =M38*$Q$4 -> 506268 | R38: =IF(N38>Treshold!$D$4,1,0) -> 1 | S38: =IF(O38>Treshold!$D$5,1,0) -> 1 | T38: =IF(P38>Treshold!$D$6,1,0) -> 1 | U38: =IF(Q38>Treshold!$D$7,1,0) -> 1 | V38: =IFERROR(VLOOKUP(H38,jp!AL:AP,4,0),"Belum Masuk JP") -> Abdul | W38: =IFERROR(VLOOKUP(H38,jp!AL:AP,5,0),0) -> 3
A39: 0001887881_16AKWY1008 | B39: TOKO WIWIN | F39: 390345.64 | H39: =A39 -> 0001887881_16AKWY1008 | I39: =B39 -> TOKO WIWIN | J39: =C39 -> 0 | K39: =D39 -> 0 | L39: =E39 -> 0 | M39: =F39 -> 390345.64 | N39: =J39*$N$4 -> 0 | O39: =K39*$O$4 -> 0 | P39: =L39*$P$4 -> 0 | Q39: =M39*$Q$4 -> 412205 | R39: =IF(N39>Treshold!$D$4,1,0) -> 0 | S39: =IF(O39>Treshold!$D$5,1,0) -> 0 | T39: =IF(P39>Treshold!$D$6,1,0) -> 0 | U39: =IF(Q39>Treshold!$D$7,1,0) -> 1 | V39: =IFERROR(VLOOKUP(H39,jp!AL:AP,4,0),"Belum Masuk JP") -> Watinah Amalia | W39: =IFERROR(VLOOKUP(H39,jp!AL:AP,5,0),0) -> 1
A40: 0001887881_16AKXC1010 | B40: Toko Rizky Jaya | D40: 246745.27 | E40: 317791.67 | H40: =A40 -> 0001887881_16AKXC1010 | I40: =B40 -> Toko Rizky Jaya | J40: =C40 -> 0 | K40: =D40 -> 246745.27 | L40: =E40 -> 317791.67 | M40: =F40 -> 0 | N40: =J40*$N$4 -> 0 | O40: =K40*$O$4 -> 260563 | P40: =L40*$P$4 -> 335588 | Q40: =M40*$Q$4 -> 0 | R40: =IF(N40>Treshold!$D$4,1,0) -> 0 | S40: =IF(O40>Treshold!$D$5,1,0) -> 1 | T40: =IF(P40>Treshold!$D$6,1,0) -> 1 | U40: =IF(Q40>Treshold!$D$7,1,0) -> 0 | V40: =IFERROR(VLOOKUP(H40,jp!AL:AP,4,0),"Belum Masuk JP") -> Tuan Suhanda | W40: =IFERROR(VLOOKUP(H40,jp!AL:AP,5,0),0) -> 3
A41: 0001887881_16AKXD1004 | B41: TOKO BERSAMA | C41: 752585.23 | E41: 317791.67 | F41: 298157.2 | H41: =A41 -> 0001887881_16AKXD1004 | I41: =B41 -> TOKO BERSAMA | J41: =C41 -> 752585.23 | K41: =D41 -> 0 | L41: =E41 -> 317791.67 | M41: =F41 -> 298157.2 | N41: =J41*$N$4 -> 794730 | O41: =K41*$O$4 -> 0 | P41: =L41*$P$4 -> 335588 | Q41: =M41*$Q$4 -> 314854 | R41: =IF(N41>Treshold!$D$4,1,0) -> 1 | S41: =IF(O41>Treshold!$D$5,1,0) -> 0 | T41: =IF(P41>Treshold!$D$6,1,0) -> 1 | U41: =IF(Q41>Treshold!$D$7,1,0) -> 1 | V41: =IFERROR(VLOOKUP(H41,jp!AL:AP,4,0),"Belum Masuk JP") -> Fariq | W41: =IFERROR(VLOOKUP(H41,jp!AL:AP,5,0),0) -> 5
A42: 0001887881_16AKXE0005 | B42: TOKO ANEKA BASMALAH | C42: 250861.74 | F42: 88124.053 | H42: =A42 -> 0001887881_16AKXE0005 | I42: =B42 -> TOKO ANEKA BASMALAH | J42: =C42 -> 250861.74 | K42: =D42 -> 0 | L42: =E42 -> 0 | M42: =F42 -> 88124.053 | N42: =J42*$N$4 -> 264910 | O42: =K42*$O$4 -> 0 | P42: =L42*$P$4 -> 0 | Q42: =M42*$Q$4 -> 93059 | R42: =IF(N42>Treshold!$D$4,1,0) -> 1 | S42: =IF(O42>Treshold!$D$5,1,0) -> 0 | T42: =IF(P42>Treshold!$D$6,1,0) -> 0 | U42: =IF(Q42>Treshold!$D$7,1,0) -> 1 | V42: =IFERROR(VLOOKUP(H42,jp!AL:AP,4,0),"Belum Masuk JP") -> Eko Prasetyo | W42: =IFERROR(VLOOKUP(H42,jp!AL:AP,5,0),0) -> 1
A43: 0001887881_16AKXE0012 | B43: TOKO IRFAN | C43: 250861.74 | F43: 239710.23 | H43: =A43 -> 0001887881_16AKXE0012 | I43: =B43 -> TOKO IRFAN | J43: =C43 -> 250861.74 | K43: =D43 -> 0 | L43: =E43 -> 0 | M43: =F43 -> 239710.23 | N43: =J43*$N$4 -> 264910 | O43: =K43*$O$4 -> 0 | P43: =L43*$P$4 -> 0 | Q43: =M43*$Q$4 -> 253134 | R43: =IF(N43>Treshold!$D$4,1,0) -> 1 | S43: =IF(O43>Treshold!$D$5,1,0) -> 0 | T43: =IF(P43>Treshold!$D$6,1,0) -> 0 | U43: =IF(Q43>Treshold!$D$7,1,0) -> 1 | V43: =IFERROR(VLOOKUP(H43,jp!AL:AP,4,0),"Belum Masuk JP") -> Al Setyah Anggun | W43: =IFERROR(VLOOKUP(H43,jp!AL:AP,5,0),0) -> 1
A44: 0001887881_16AKXE0017 | B44: TOKO DEVEN | F44: 133172.35 | H44: =A44 -> 0001887881_16AKXE0017 | I44: =B44 -> TOKO DEVEN | J44: =C44 -> 0 | K44: =D44 -> 0 | L44: =E44 -> 0 | M44: =F44 -> 133172.35 | N44: =J44*$N$4 -> 0 | O44: =K44*$O$4 -> 0 | P44: =L44*$P$4 -> 0 | Q44: =M44*$Q$4 -> 140630 | R44: =IF(N44>Treshold!$D$4,1,0) -> 0 | S44: =IF(O44>Treshold!$D$5,1,0) -> 0 | T44: =IF(P44>Treshold!$D$6,1,0) -> 0 | U44: =IF(Q44>Treshold!$D$7,1,0) -> 1 | V44: =IFERROR(VLOOKUP(H44,jp!AL:AP,4,0),"Belum Masuk JP") -> Al Setyah Anggun | W44: =IFERROR(VLOOKUP(H44,jp!AL:AP,5,0),0) -> 6
A45: 0001887881_16AKXE0021 | B45: TOKO FARAS | C45: 5017234.8 | D45: 92529.479 | E45: 47668.75 | F45: 1186013.3 | H45: =A45 -> 0001887881_16AKXE0021 | I45: =B45 -> TOKO FARAS | J45: =C45 -> 5017234.8 | K45: =D45 -> 92529.479 | L45: =E45 -> 47668.75 | M45: =F45 -> 1186013.3 | N45: =J45*$N$4 -> 5298200 | O45: =K45*$O$4 -> 97711.13 | P45: =L45*$P$4 -> 50338.2 | Q45: =M45*$Q$4 -> 1252430 | R45: =IF(N45>Treshold!$D$4,1,0) -> 1 | S45: =IF(O45>Treshold!$D$5,1,0) -> 1 | T45: =IF(P45>Treshold!$D$6,1,0) -> 1 | U45: =IF(Q45>Treshold!$D$7,1,0) -> 1 | V45: =IFERROR(VLOOKUP(H45,jp!AL:AP,4,0),"Belum Masuk JP") -> Eko Prasetyo | W45: =IFERROR(VLOOKUP(H45,jp!AL:AP,5,0),0) -> 3
A46: 0001887881_16AKXE0038 | B46: TOKO ANISSA PLASTIK | D46: 1480471.6 | E46: 15889.583 | F46: 7422.8977 | H46: =A46 -> 0001887881_16AKXE0038 | I46: =B46 -> TOKO ANISSA PLASTIK | J46: =C46 -> 0 | K46: =D46 -> 1480471.6 | L46: =E46 -> 15889.583 | M46: =F46 -> 7422.8977 | N46: =J46*$N$4 -> 0 | O46: =K46*$O$4 -> 1563378 | P46: =L46*$P$4 -> 16779.4 | Q46: =M46*$Q$4 -> 7838.58 | R46: =IF(N46>Treshold!$D$4,1,0) -> 0 | S46: =IF(O46>Treshold!$D$5,1,0) -> 1 | T46: =IF(P46>Treshold!$D$6,1,0) -> 0 | U46: =IF(Q46>Treshold!$D$7,1,0) -> 0 | V46: =IFERROR(VLOOKUP(H46,jp!AL:AP,4,0),"Belum Masuk JP") -> Al Setyah Anggun | W46: =IFERROR(VLOOKUP(H46,jp!AL:AP,5,0),0) -> 1
A47: 0001887881_16AKXE1006 | B47: TOKO MAS JOKO | F47: 89074.811 | H47: =A47 -> 0001887881_16AKXE1006 | I47: =B47 -> TOKO MAS JOKO | J47: =C47 -> 0 | K47: =D47 -> 0 | L47: =E47 -> 0 | M47: =F47 -> 89074.811 | N47: =J47*$N$4 -> 0 | O47: =K47*$O$4 -> 0 | P47: =L47*$P$4 -> 0 | Q47: =M47*$Q$4 -> 94063 | R47: =IF(N47>Treshold!$D$4,1,0) -> 0 | S47: =IF(O47>Treshold!$D$5,1,0) -> 0 | T47: =IF(P47>Treshold!$D$6,1,0) -> 0 | U47: =IF(Q47>Treshold!$D$7,1,0) -> 1 | V47: =IFERROR(VLOOKUP(H47,jp!AL:AP,4,0),"Belum Masuk JP") -> Watinah Amalia | W47: =IFERROR(VLOOKUP(H47,jp!AL:AP,5,0),0) -> 3
A48: 0001887881_16AKXF2642 | B48: TOKO MAJU MANDIRI | F48: 89074.811 | H48: =A48 -> 0001887881_16AKXF2642 | I48: =B48 -> TOKO MAJU MANDIRI | J48: =C48 -> 0 | K48: =D48 -> 0 | L48: =E48 -> 0 | M48: =F48 -> 89074.811 | N48: =J48*$N$4 -> 0 | O48: =K48*$O$4 -> 0 | P48: =L48*$P$4 -> 0 | Q48: =M48*$Q$4 -> 94063 | R48: =IF(N48>Treshold!$D$4,1,0) -> 0 | S48: =IF(O48>Treshold!$D$5,1,0) -> 0 | T48: =IF(P48>Treshold!$D$6,1,0) -> 0 | U48: =IF(Q48>Treshold!$D$7,1,0) -> 1 | V48: =IFERROR(VLOOKUP(H48,jp!AL:AP,4,0),"Belum Masuk JP") -> Akbar Sobirin | W48: =IFERROR(VLOOKUP(H48,jp!AL:AP,5,0),0) -> 2
A49: 0001887881_16AKXF4363 | B49: TOKO FRISKA | D49: 92529.479 | H49: =A49 -> 0001887881_16AKXF4363 | I49: =B49 -> TOKO FRISKA | J49: =C49 -> 0 | K49: =D49 -> 92529.479 | L49: =E49 -> 0 | M49: =F49 -> 0 | N49: =J49*$N$4 -> 0 | O49: =K49*$O$4 -> 97711.13 | P49: =L49*$P$4 -> 0 | Q49: =M49*$Q$4 -> 0 | R49: =IF(N49>Treshold!$D$4,1,0) -> 0 | S49: =IF(O49>Treshold!$D$5,1,0) -> 1 | T49: =IF(P49>Treshold!$D$6,1,0) -> 0 | U49: =IF(Q49>Treshold!$D$7,1,0) -> 0 | V49: =IFERROR(VLOOKUP(H49,jp!AL:AP,4,0),"Belum Masuk JP") -> Akbar Sobirin | W49: =IFERROR(VLOOKUP(H49,jp!AL:AP,5,0),0) -> 2
A50: 0001887881_16AKXH1024 | B50: TOKO MAMANG | C50: 25086.174 | E50: 158895.83 | F50: 7422.8977 | H50: =A50 -> 0001887881_16AKXH1024 | I50: =B50 -> TOKO MAMANG | J50: =C50 -> 25086.174 | K50: =D50 -> 0 | L50: =E50 -> 158895.83 | M50: =F50 -> 7422.8977 | N50: =J50*$N$4 -> 26491 | O50: =K50*$O$4 -> 0 | P50: =L50*$P$4 -> 167794 | Q50: =M50*$Q$4 -> 7838.58 | R50: =IF(N50>Treshold!$D$4,1,0) -> 1 | S50: =IF(O50>Treshold!$D$5,1,0) -> 0 | T50: =IF(P50>Treshold!$D$6,1,0) -> 1 | U50: =IF(Q50>Treshold!$D$7,1,0) -> 0 | V50: =IFERROR(VLOOKUP(H50,jp!AL:AP,4,0),"Belum Masuk JP") -> Eko Prasetyo | W50: =IFERROR(VLOOKUP(H50,jp!AL:AP,5,0),0) -> 5
A51: 0001887881_16AKXI1003 | B51: TOKO ZIDAN TIGA | C51: 501723.48 | D51: 61686.316 | E51: 317791.67 | F51: 19975.852 | H51: =A51 -> 0001887881_16AKXI1003 | I51: =B51 -> TOKO ZIDAN TIGA | J51: =C51 -> 501723.48 | K51: =D51 -> 61686.316 | L51: =E51 -> 317791.67 | M51: =F51 -> 19975.852 | N51: =J51*$N$4 -> 529820 | O51: =K51*$O$4 -> 65140.75 | P51: =L51*$P$4 -> 335588 | Q51: =M51*$Q$4 -> 21094.5 | R51: =IF(N51>Treshold!$D$4,1,0) -> 1 | S51: =IF(O51>Treshold!$D$5,1,0) -> 1 | T51: =IF(P51>Treshold!$D$6,1,0) -> 1 | U51: =IF(Q51>Treshold!$D$7,1,0) -> 1 | V51: =IFERROR(VLOOKUP(H51,jp!AL:AP,4,0),"Belum Masuk JP") -> Watinah Amalia | W51: =IFERROR(VLOOKUP(H51,jp!AL:AP,5,0),0) -> 5
A52: 0001887881_16AKXJ1004 | B52: TOKO SUMBER JATI MULYO | C52: 250861.74 | D52: 154215.8 | F52: 7422.8977 | H52: =A52 -> 0001887881_16AKXJ1004 | I52: =B52 -> TOKO SUMBER JATI MULYO | J52: =C52 -> 250861.74 | K52: =D52 -> 154215.8 | L52: =E52 -> 0 | M52: =F52 -> 7422.8977 | N52: =J52*$N$4 -> 264910 | O52: =K52*$O$4 -> 162851.88 | P52: =L52*$P$4 -> 0 | Q52: =M52*$Q$4 -> 7838.58 | R52: =IF(N52>Treshold!$D$4,1,0) -> 1 | S52: =IF(O52>Treshold!$D$5,1,0) -> 1 | T52: =IF(P52>Treshold!$D$6,1,0) -> 0 | U52: =IF(Q52>Treshold!$D$7,1,0) -> 0 | V52: =IFERROR(VLOOKUP(H52,jp!AL:AP,4,0),"Belum Masuk JP") -> Eko Prasetyo | W52: =IFERROR(VLOOKUP(H52,jp!AL:AP,5,0),0) -> 5
A53: 0001887881_16AKXJ1011 | B53: TOKO RAHAYU 2 | C53: 1254308.7 | D53: 493490.53 | E53: 635583.33 | F53: 897280.3 | H53: =A53 -> 0001887881_16AKXJ1011 | I53: =B53 -> TOKO RAHAYU 2 | J53: =C53 -> 1254308.7 | K53: =D53 -> 493490.53 | L53: =E53 -> 635583.33 | M53: =F53 -> 897280.3 | N53: =J53*$N$4 -> 1324550 | O53: =K53*$O$4 -> 521126 | P53: =L53*$P$4 -> 671176 | Q53: =M53*$Q$4 -> 947528 | R53: =IF(N53>Treshold!$D$4,1,0) -> 1 | S53: =IF(O53>Treshold!$D$5,1,0) -> 1 | T53: =IF(P53>Treshold!$D$6,1,0) -> 1 | U53: =IF(Q53>Treshold!$D$7,1,0) -> 1 | V53: =IFERROR(VLOOKUP(H53,jp!AL:AP,4,0),"Belum Masuk JP") -> Al Setyah Anggun | W53: =IFERROR(VLOOKUP(H53,jp!AL:AP,5,0),0) -> 1
A54: 0001887881_16AKXJ1024 | B54: TOKO INDAH | C54: 501723.48 | D54: 154215.8 | E54: 79447.917 | H54: =A54 -> 0001887881_16AKXJ1024 | I54: =B54 -> TOKO INDAH | J54: =C54 -> 501723.48 | K54: =D54 -> 154215.8 | L54: =E54 -> 79447.917 | M54: =F54 -> 0 | N54: =J54*$N$4 -> 529820 | O54: =K54*$O$4 -> 162851.88 | P54: =L54*$P$4 -> 83897 | Q54: =M54*$Q$4 -> 0 | R54: =IF(N54>Treshold!$D$4,1,0) -> 1 | S54: =IF(O54>Treshold!$D$5,1,0) -> 1 | T54: =IF(P54>Treshold!$D$6,1,0) -> 1 | U54: =IF(Q54>Treshold!$D$7,1,0) -> 0 | V54: =IFERROR(VLOOKUP(H54,jp!AL:AP,4,0),"Belum Masuk JP") -> Al Setyah Anggun | W54: =IFERROR(VLOOKUP(H54,jp!AL:AP,5,0),0) -> 1
A55: 0001887881_16AKXJ1025 | B55: TOKO SEMBAKO MADINAH | C55: 501723.48 | D55: 154215.8 | F55: 150635.42 | H55: =A55 -> 0001887881_16AKXJ1025 | I55: =B55 -> TOKO SEMBAKO MADINAH | J55: =C55 -> 501723.48 | K55: =D55 -> 154215.8 | L55: =E55 -> 0 | M55: =F55 -> 150635.42 | N55: =J55*$N$4 -> 529820 | O55: =K55*$O$4 -> 162851.88 | P55: =L55*$P$4 -> 0 | Q55: =M55*$Q$4 -> 159071 | R55: =IF(N55>Treshold!$D$4,1,0) -> 1 | S55: =IF(O55>Treshold!$D$5,1,0) -> 1 | T55: =IF(P55>Treshold!$D$6,1,0) -> 0 | U55: =IF(Q55>Treshold!$D$7,1,0) -> 1 | V55: =IFERROR(VLOOKUP(H55,jp!AL:AP,4,0),"Belum Masuk JP") -> Akbar Sobirin | W55: =IFERROR(VLOOKUP(H55,jp!AL:AP,5,0),0) -> 2
A56: 0001887881_16AKXJ2156 | B56: TOKO MD HAFIZ | F56: 237202.65 | H56: =A56 -> 0001887881_16AKXJ2156 | I56: =B56 -> TOKO MD HAFIZ | J56: =C56 -> 0 | K56: =D56 -> 0 | L56: =E56 -> 0 | M56: =F56 -> 237202.65 | N56: =J56*$N$4 -> 0 | O56: =K56*$O$4 -> 0 | P56: =L56*$P$4 -> 0 | Q56: =M56*$Q$4 -> 250486 | R56: =IF(N56>Treshold!$D$4,1,0) -> 0 | S56: =IF(O56>Treshold!$D$5,1,0) -> 0 | T56: =IF(P56>Treshold!$D$6,1,0) -> 0 | U56: =IF(Q56>Treshold!$D$7,1,0) -> 1 | V56: =IFERROR(VLOOKUP(H56,jp!AL:AP,4,0),"Belum Masuk JP") -> Akbar Sobirin | W56: =IFERROR(VLOOKUP(H56,jp!AL:AP,5,0),0) -> 4
A57: 0001887881_16AKXK1026 | B57: CV CNR ANUGERAH UTAMA | C57: 6271543.6 | E57: 31779.167 | H57: =A57 -> 0001887881_16AKXK1026 | I57: =B57 -> CV CNR ANUGERAH UTAMA | J57: =C57 -> 6271543.6 | K57: =D57 -> 0 | L57: =E57 -> 31779.167 | M57: =F57 -> 0 | N57: =J57*$N$4 -> 6622750 | O57: =K57*$O$4 -> 0 | P57: =L57*$P$4 -> 33558.8 | Q57: =M57*$Q$4 -> 0 | R57: =IF(N57>Treshold!$D$4,1,0) -> 1 | S57: =IF(O57>Treshold!$D$5,1,0) -> 0 | T57: =IF(P57>Treshold!$D$6,1,0) -> 1 | U57: =IF(Q57>Treshold!$D$7,1,0) -> 0 | V57: =IFERROR(VLOOKUP(H57,jp!AL:AP,4,0),"Belum Masuk JP") -> Ajeng | W57: =IFERROR(VLOOKUP(H57,jp!AL:AP,5,0),0) -> 7
A58: 0001887881_16AKXK1027 | B58: PT RAUDAH SUFINDO INT | C58: 12543087 | D58: 61686.316 | H58: =A58 -> 0001887881_16AKXK1027 | I58: =B58 -> PT RAUDAH SUFINDO INT | J58: =C58 -> 12543087 | K58: =D58 -> 61686.316 | L58: =E58 -> 0 | M58: =F58 -> 0 | N58: =J58*$N$4 -> 13245500 | O58: =K58*$O$4 -> 65140.75 | P58: =L58*$P$4 -> 0 | Q58: =M58*$Q$4 -> 0 | R58: =IF(N58>Treshold!$D$4,1,0) -> 1 | S58: =IF(O58>Treshold!$D$5,1,0) -> 1 | T58: =IF(P58>Treshold!$D$6,1,0) -> 0 | U58: =IF(Q58>Treshold!$D$7,1,0) -> 0 | V58: =IFERROR(VLOOKUP(H58,jp!AL:AP,4,0),"Belum Masuk JP") -> Tuan Suhanda | W58: =IFERROR(VLOOKUP(H58,jp!AL:AP,5,0),0) -> 4
A59: 0001887881_16AKXK3095 | B59: toko fandy grosir | D59: 61686.316 | E59: 953375 | F59: 596009.47 | H59: =A59 -> 0001887881_16AKXK3095 | I59: =B59 -> toko fandy grosir | J59: =C59 -> 0 | K59: =D59 -> 61686.316 | L59: =E59 -> 953375 | M59: =F59 -> 596009.47 | N59: =J59*$N$4 -> 0 | O59: =K59*$O$4 -> 65140.75 | P59: =L59*$P$4 -> 1006764 | Q59: =M59*$Q$4 -> 629386 | R59: =IF(N59>Treshold!$D$4,1,0) -> 0 | S59: =IF(O59>Treshold!$D$5,1,0) -> 1 | T59: =IF(P59>Treshold!$D$6,1,0) -> 1 | U59: =IF(Q59>Treshold!$D$7,1,0) -> 1 | V59: =IFERROR(VLOOKUP(H59,jp!AL:AP,4,0),"Belum Masuk JP") -> Akbar Sobirin | W59: =IFERROR(VLOOKUP(H59,jp!AL:AP,5,0),0) -> 2
A60: 0001887881_16AKXL1005 | B60: TOKO MITRA ANDA | D60: 61686.316 | E60: 79447.917 | H60: =A60 -> 0001887881_16AKXL1005 | I60: =B60 -> TOKO MITRA ANDA | J60: =C60 -> 0 | K60: =D60 -> 61686.316 | L60: =E60 -> 79447.917 | M60: =F60 -> 0 | N60: =J60*$N$4 -> 0 | O60: =K60*$O$4 -> 65140.75 | P60: =L60*$P$4 -> 83897 | Q60: =M60*$Q$4 -> 0 | R60: =IF(N60>Treshold!$D$4,1,0) -> 0 | S60: =IF(O60>Treshold!$D$5,1,0) -> 1 | T60: =IF(P60>Treshold!$D$6,1,0) -> 1 | U60: =IF(Q60>Treshold!$D$7,1,0) -> 0 | V60: =IFERROR(VLOOKUP(H60,jp!AL:AP,4,0),"Belum Masuk JP") -> Al Setyah Anggun | W60: =IFERROR(VLOOKUP(H60,jp!AL:AP,5,0),0) -> 1
A61: 0001887881_16AKXL1007 | B61: TOKO UJANG | C61: 501723.48 | D61: 61686.316 | E61: 31779.167 | F61: 158058.31 | H61: =A61 -> 0001887881_16AKXL1007 | I61: =B61 -> TOKO UJANG | J61: =C61 -> 501723.48 | K61: =D61 -> 61686.316 | L61: =E61 -> 31779.167 | M61: =F61 -> 158058.31 | N61: =J61*$N$4 -> 529820 | O61: =K61*$O$4 -> 65140.75 | P61: =L61*$P$4 -> 33558.8 | Q61: =M61*$Q$4 -> 166909.58 | R61: =IF(N61>Treshold!$D$4,1,0) -> 1 | S61: =IF(O61>Treshold!$D$5,1,0) -> 1 | T61: =IF(P61>Treshold!$D$6,1,0) -> 1 | U61: =IF(Q61>Treshold!$D$7,1,0) -> 1 | V61: =IFERROR(VLOOKUP(H61,jp!AL:AP,4,0),"Belum Masuk JP") -> Eko Prasetyo | W61: =IFERROR(VLOOKUP(H61,jp!AL:AP,5,0),0) -> 6
A62: 0001887881_16ALHP1001 | B62: TOKO AZKA DN | C62: 2508617.4 | D62: 986981.06 | E62: 1588958.3 | F62: 3268835.2 | H62: =A62 -> 0001887881_16ALHP1001 | I62: =B62 -> TOKO AZKA DN | J62: =C62 -> 2508617.4 | K62: =D62 -> 986981.06 | L62: =E62 -> 1588958.3 | M62: =F62 -> 3268835.2 | N62: =J62*$N$4 -> 2649100 | O62: =K62*$O$4 -> 1042252 | P62: =L62*$P$4 -> 1677940 | Q62: =M62*$Q$4 -> 3451890 | R62: =IF(N62>Treshold!$D$4,1,0) -> 1 | S62: =IF(O62>Treshold!$D$5,1,0) -> 1 | T62: =IF(P62>Treshold!$D$6,1,0) -> 1 | U62: =IF(Q62>Treshold!$D$7,1,0) -> 1 | V62: =IFERROR(VLOOKUP(H62,jp!AL:AP,4,0),"Belum Masuk JP") -> Al Setyah Anggun | W62: =IFERROR(VLOOKUP(H62,jp!AL:AP,5,0),0) -> 4
A63: 0001887881_16ALWO0007 | B63: TOKO KARLOS | C63: 250861.74 | F63: 7422.8977 | H63: =A63 -> 0001887881_16ALWO0007 | I63: =B63 -> TOKO KARLOS | J63: =C63 -> 250861.74 | K63: =D63 -> 0 | L63: =E63 -> 0 | M63: =F63 -> 7422.8977 | N63: =J63*$N$4 -> 264910 | O63: =K63*$O$4 -> 0 | P63: =L63*$P$4 -> 0 | Q63: =M63*$Q$4 -> 7838.58 | R63: =IF(N63>Treshold!$D$4,1,0) -> 1 | S63: =IF(O63>Treshold!$D$5,1,0) -> 0 | T63: =IF(P63>Treshold!$D$6,1,0) -> 0 | U63: =IF(Q63>Treshold!$D$7,1,0) -> 0 | V63: =IFERROR(VLOOKUP(H63,jp!AL:AP,4,0),"Belum Masuk JP") -> Al Setyah Anggun | W63: =IFERROR(VLOOKUP(H63,jp!AL:AP,5,0),0) -> 6
A64: 0001887881_16ALWO0010 | B64: TOKO NAILA | C64: 501723.48 | F64: 188801.06 | H64: =A64 -> 0001887881_16ALWO0010 | I64: =B64 -> TOKO NAILA | J64: =C64 -> 501723.48 | K64: =D64 -> 0 | L64: =E64 -> 0 | M64: =F64 -> 188801.06 | N64: =J64*$N$4 -> 529820 | O64: =K64*$O$4 -> 0 | P64: =L64*$P$4 -> 0 | Q64: =M64*$Q$4 -> 199373.92 | R64: =IF(N64>Treshold!$D$4,1,0) -> 1 | S64: =IF(O64>Treshold!$D$5,1,0) -> 0 | T64: =IF(P64>Treshold!$D$6,1,0) -> 0 | U64: =IF(Q64>Treshold!$D$7,1,0) -> 1 | V64: =IFERROR(VLOOKUP(H64,jp!AL:AP,4,0),"Belum Masuk JP") -> Al Setyah Anggun | W64: =IFERROR(VLOOKUP(H64,jp!AL:AP,5,0),0) -> 6
A65: 0001887881_16ALWO0012 | B65: TOKO RJ | F65: 106537.88 | H65: =A65 -> 0001887881_16ALWO0012 | I65: =B65 -> TOKO RJ | J65: =C65 -> 0 | K65: =D65 -> 0 | L65: =E65 -> 0 | M65: =F65 -> 106537.88 | N65: =J65*$N$4 -> 0 | O65: =K65*$O$4 -> 0 | P65: =L65*$P$4 -> 0 | Q65: =M65*$Q$4 -> 112504 | R65: =IF(N65>Treshold!$D$4,1,0) -> 0 | S65: =IF(O65>Treshold!$D$5,1,0) -> 0 | T65: =IF(P65>Treshold!$D$6,1,0) -> 0 | U65: =IF(Q65>Treshold!$D$7,1,0) -> 1 | V65: =IFERROR(VLOOKUP(H65,jp!AL:AP,4,0),"Belum Masuk JP") -> Al Setyah Anggun | W65: =IFERROR(VLOOKUP(H65,jp!AL:AP,5,0),0) -> 6
A66: 0001887881_16ALWO0013 | B66: TOKO JASMIN 2 | C66: 25086.174 | D66: 493490.53 | F66: 89074.811 | H66: =A66 -> 0001887881_16ALWO0013 | I66: =B66 -> TOKO JASMIN 2 | J66: =C66 -> 25086.174 | K66: =D66 -> 493490.53 | L66: =E66 -> 0 | M66: =F66 -> 89074.811 | N66: =J66*$N$4 -> 26491 | O66: =K66*$O$4 -> 521126 | P66: =L66*$P$4 -> 0 | Q66: =M66*$Q$4 -> 94063 | R66: =IF(N66>Treshold!$D$4,1,0) -> 1 | S66: =IF(O66>Treshold!$D$5,1,0) -> 1 | T66: =IF(P66>Treshold!$D$6,1,0) -> 0 | U66: =IF(Q66>Treshold!$D$7,1,0) -> 1 | V66: =IFERROR(VLOOKUP(H66,jp!AL:AP,4,0),"Belum Masuk JP") -> Al Setyah Anggun | W66: =IFERROR(VLOOKUP(H66,jp!AL:AP,5,0),0) -> 5
A67: 0001887881_16ALWO1005 | B67: TOKO AMIN ILYAS | C67: 501723.48 | D67: 493490.53 | H67: =A67 -> 0001887881_16ALWO1005 | I67: =B67 -> TOKO AMIN ILYAS | J67: =C67 -> 501723.48 | K67: =D67 -> 493490.53 | L67: =E67 -> 0 | M67: =F67 -> 0 | N67: =J67*$N$4 -> 529820 | O67: =K67*$O$4 -> 521126 | P67: =L67*$P$4 -> 0 | Q67: =M67*$Q$4 -> 0 | R67: =IF(N67>Treshold!$D$4,1,0) -> 1 | S67: =IF(O67>Treshold!$D$5,1,0) -> 1 | T67: =IF(P67>Treshold!$D$6,1,0) -> 0 | U67: =IF(Q67>Treshold!$D$7,1,0) -> 0 | V67: =IFERROR(VLOOKUP(H67,jp!AL:AP,4,0),"Belum Masuk JP") -> Fariq | W67: =IFERROR(VLOOKUP(H67,jp!AL:AP,5,0),0) -> 3
A68: 0001887881_16ALWO1009 | B68: Toko Sanjaya | C68: 2508617.4 | E68: 1906750 | F68: 2233402.5 | H68: =A68 -> 0001887881_16ALWO1009 | I68: =B68 -> Toko Sanjaya | J68: =C68 -> 2508617.4 | K68: =D68 -> 0 | L68: =E68 -> 1906750 | M68: =F68 -> 2233402.5 | N68: =J68*$N$4 -> 2649100 | O68: =K68*$O$4 -> 0 | P68: =L68*$P$4 -> 2013528 | Q68: =M68*$Q$4 -> 2358473 | R68: =IF(N68>Treshold!$D$4,1,0) -> 1 | S68: =IF(O68>Treshold!$D$5,1,0) -> 0 | T68: =IF(P68>Treshold!$D$6,1,0) -> 1 | U68: =IF(Q68>Treshold!$D$7,1,0) -> 1 | V68: =IFERROR(VLOOKUP(H68,jp!AL:AP,4,0),"Belum Masuk JP") -> Watinah Amalia | W68: =IFERROR(VLOOKUP(H68,jp!AL:AP,5,0),0) -> 3
A69: 0001887881_16ALWO1015 | B69: TOKO MADURA BINTANG ARIS | F69: 88546.61 | H69: =A69 -> 0001887881_16ALWO1015 | I69: =B69 -> TOKO MADURA BINTANG ARIS | J69: =C69 -> 0 | K69: =D69 -> 0 | L69: =E69 -> 0 | M69: =F69 -> 88546.61 | N69: =J69*$N$4 -> 0 | O69: =K69*$O$4 -> 0 | P69: =L69*$P$4 -> 0 | Q69: =M69*$Q$4 -> 93505.22 | R69: =IF(N69>Treshold!$D$4,1,0) -> 0 | S69: =IF(O69>Treshold!$D$5,1,0) -> 0 | T69: =IF(P69>Treshold!$D$6,1,0) -> 0 | U69: =IF(Q69>Treshold!$D$7,1,0) -> 1 | V69: =IFERROR(VLOOKUP(H69,jp!AL:AP,4,0),"Belum Masuk JP") -> Watinah Amalia | W69: =IFERROR(VLOOKUP(H69,jp!AL:AP,5,0),0) -> 3
A70: 0001887881_16ALWO1022 | B70: CV BAROKAH BERSAMA WARGA | D70: 493490.53 | H70: =A70 -> 0001887881_16ALWO1022 | I70: =B70 -> CV BAROKAH BERSAMA WARGA | J70: =C70 -> 0 | K70: =D70 -> 493490.53 | L70: =E70 -> 0 | M70: =F70 -> 0 | N70: =J70*$N$4 -> 0 | O70: =K70*$O$4 -> 521126 | P70: =L70*$P$4 -> 0 | Q70: =M70*$Q$4 -> 0 | R70: =IF(N70>Treshold!$D$4,1,0) -> 0 | S70: =IF(O70>Treshold!$D$5,1,0) -> 1 | T70: =IF(P70>Treshold!$D$6,1,0) -> 0 | U70: =IF(Q70>Treshold!$D$7,1,0) -> 0 | V70: =IFERROR(VLOOKUP(H70,jp!AL:AP,4,0),"Belum Masuk JP") -> Watinah Amalia | W70: =IFERROR(VLOOKUP(H70,jp!AL:AP,5,0),0) -> 3
A71: 0001887881_16ALWO1023 | B71: Toko Ishak | C71: 250861.74 | F71: 89074.811 | H71: =A71 -> 0001887881_16ALWO1023 | I71: =B71 -> Toko Ishak | J71: =C71 -> 250861.74 | K71: =D71 -> 0 | L71: =E71 -> 0 | M71: =F71 -> 89074.811 | N71: =J71*$N$4 -> 264910 | O71: =K71*$O$4 -> 0 | P71: =L71*$P$4 -> 0 | Q71: =M71*$Q$4 -> 94063 | R71: =IF(N71>Treshold!$D$4,1,0) -> 1 | S71: =IF(O71>Treshold!$D$5,1,0) -> 0 | T71: =IF(P71>Treshold!$D$6,1,0) -> 0 | U71: =IF(Q71>Treshold!$D$7,1,0) -> 1 | V71: =IFERROR(VLOOKUP(H71,jp!AL:AP,4,0),"Belum Masuk JP") -> Watinah Amalia | W71: =IFERROR(VLOOKUP(H71,jp!AL:AP,5,0),0) -> 3
A72: 0001887881_16ALWQ1002 | B72: TOKO HARAPAN BARU | D72: 493490.53 | E72: 635583.33 | F72: 237202.65 | H72: =A72 -> 0001887881_16ALWQ1002 | I72: =B72 -> TOKO HARAPAN BARU | J72: =C72 -> 0 | K72: =D72 -> 493490.53 | L72: =E72 -> 635583.33 | M72: =F72 -> 237202.65 | N72: =J72*$N$4 -> 0 | O72: =K72*$O$4 -> 521126 | P72: =L72*$P$4 -> 671176 | Q72: =M72*$Q$4 -> 250486 | R72: =IF(N72>Treshold!$D$4,1,0) -> 0 | S72: =IF(O72>Treshold!$D$5,1,0) -> 1 | T72: =IF(P72>Treshold!$D$6,1,0) -> 1 | U72: =IF(Q72>Treshold!$D$7,1,0) -> 1 | V72: =IFERROR(VLOOKUP(H72,jp!AL:AP,4,0),"Belum Masuk JP") -> Tuan Suhanda | W72: =IFERROR(VLOOKUP(H72,jp!AL:AP,5,0),0) -> 5
A73: 0001887881_16ALWQ1006 | B73: TOKO DEVEN | D73: 61686.316 | E73: 317791.67 | H73: =A73 -> 0001887881_16ALWQ1006 | I73: =B73 -> TOKO DEVEN | J73: =C73 -> 0 | K73: =D73 -> 61686.316 | L73: =E73 -> 317791.67 | M73: =F73 -> 0 | N73: =J73*$N$4 -> 0 | O73: =K73*$O$4 -> 65140.75 | P73: =L73*$P$4 -> 335588 | Q73: =M73*$Q$4 -> 0 | R73: =IF(N73>Treshold!$D$4,1,0) -> 0 | S73: =IF(O73>Treshold!$D$5,1,0) -> 1 | T73: =IF(P73>Treshold!$D$6,1,0) -> 1 | U73: =IF(Q73>Treshold!$D$7,1,0) -> 0 | V73: =IFERROR(VLOOKUP(H73,jp!AL:AP,4,0),"Belum Masuk JP") -> Tuan Suhanda | W73: =IFERROR(VLOOKUP(H73,jp!AL:AP,5,0),0) -> 5
A74: 0001887881_16ALWU0001 | B74: TOKO 3 SAUDARA MART | C74: 50172.348 | E74: 47668.75 | F74: 39951.705 | H74: =A74 -> 0001887881_16ALWU0001 | I74: =B74 -> TOKO 3 SAUDARA MART | J74: =C74 -> 50172.348 | K74: =D74 -> 0 | L74: =E74 -> 47668.75 | M74: =F74 -> 39951.705 | N74: =J74*$N$4 -> 52982 | O74: =K74*$O$4 -> 0 | P74: =L74*$P$4 -> 50338.2 | Q74: =M74*$Q$4 -> 42189 | R74: =IF(N74>Treshold!$D$4,1,0) -> 1 | S74: =IF(O74>Treshold!$D$5,1,0) -> 0 | T74: =IF(P74>Treshold!$D$6,1,0) -> 1 | U74: =IF(Q74>Treshold!$D$7,1,0) -> 1 | V74: =IFERROR(VLOOKUP(H74,jp!AL:AP,4,0),"Belum Masuk JP") -> Tuan Suhanda | W74: =IFERROR(VLOOKUP(H74,jp!AL:AP,5,0),0) -> 5
A75: 0001887881_16ALWY1002 | B75: TOKO AYU | C75: 752585.23 | E75: 317791.67 | F75: 719130.68 | H75: =A75 -> 0001887881_16ALWY1002 | I75: =B75 -> TOKO AYU | J75: =C75 -> 752585.23 | K75: =D75 -> 0 | L75: =E75 -> 317791.67 | M75: =F75 -> 719130.68 | N75: =J75*$N$4 -> 794730 | O75: =K75*$O$4 -> 0 | P75: =L75*$P$4 -> 335588 | Q75: =M75*$Q$4 -> 759402 | R75: =IF(N75>Treshold!$D$4,1,0) -> 1 | S75: =IF(O75>Treshold!$D$5,1,0) -> 0 | T75: =IF(P75>Treshold!$D$6,1,0) -> 1 | U75: =IF(Q75>Treshold!$D$7,1,0) -> 1 | V75: =IFERROR(VLOOKUP(H75,jp!AL:AP,4,0),"Belum Masuk JP") -> Abdul | W75: =IFERROR(VLOOKUP(H75,jp!AL:AP,5,0),0) -> 6
A76: 0001887881_16ALWY1030 | B76: TOKO RIYA MART | F76: 88124.053 | H76: =A76 -> 0001887881_16ALWY1030 | I76: =B76 -> TOKO RIYA MART | J76: =C76 -> 0 | K76: =D76 -> 0 | L76: =E76 -> 0 | M76: =F76 -> 88124.053 | N76: =J76*$N$4 -> 0 | O76: =K76*$O$4 -> 0 | P76: =L76*$P$4 -> 0 | Q76: =M76*$Q$4 -> 93059 | R76: =IF(N76>Treshold!$D$4,1,0) -> 0 | S76: =IF(O76>Treshold!$D$5,1,0) -> 0 | T76: =IF(P76>Treshold!$D$6,1,0) -> 0 | U76: =IF(Q76>Treshold!$D$7,1,0) -> 1 | V76: =IFERROR(VLOOKUP(H76,jp!AL:AP,4,0),"Belum Masuk JP") -> Abdul | W76: =IFERROR(VLOOKUP(H76,jp!AL:AP,5,0),0) -> 3
A77: 0001887881_16ALWY1048 | B77: Toko Riska | F77: 239710.23 | H77: =A77 -> 0001887881_16ALWY1048 | I77: =B77 -> Toko Riska | J77: =C77 -> 0 | K77: =D77 -> 0 | L77: =E77 -> 0 | M77: =F77 -> 239710.23 | N77: =J77*$N$4 -> 0 | O77: =K77*$O$4 -> 0 | P77: =L77*$P$4 -> 0 | Q77: =M77*$Q$4 -> 253134 | R77: =IF(N77>Treshold!$D$4,1,0) -> 0 | S77: =IF(O77>Treshold!$D$5,1,0) -> 0 | T77: =IF(P77>Treshold!$D$6,1,0) -> 0 | U77: =IF(Q77>Treshold!$D$7,1,0) -> 1 | V77: =IFERROR(VLOOKUP(H77,jp!AL:AP,4,0),"Belum Masuk JP") -> Abdul | W77: =IFERROR(VLOOKUP(H77,jp!AL:AP,5,0),0) -> 4
A78: 0001887881_16ALWY1064 | B78: TOKO SEMBAKO ALDI NASUTION | F78: 239710.23 | H78: =A78 -> 0001887881_16ALWY1064 | I78: =B78 -> TOKO SEMBAKO ALDI NASUTION | J78: =C78 -> 0 | K78: =D78 -> 0 | L78: =E78 -> 0 | M78: =F78 -> 239710.23 | N78: =J78*$N$4 -> 0 | O78: =K78*$O$4 -> 0 | P78: =L78*$P$4 -> 0 | Q78: =M78*$Q$4 -> 253134 | R78: =IF(N78>Treshold!$D$4,1,0) -> 0 | S78: =IF(O78>Treshold!$D$5,1,0) -> 0 | T78: =IF(P78>Treshold!$D$6,1,0) -> 0 | U78: =IF(Q78>Treshold!$D$7,1,0) -> 1 | V78: =IFERROR(VLOOKUP(H78,jp!AL:AP,4,0),"Belum Masuk JP") -> Abdul | W78: =IFERROR(VLOOKUP(H78,jp!AL:AP,5,0),0) -> 4
A79: 0001887881_16ALWY4318 | B79: TOKO AJA | C79: 250861.74 | F79: 88546.61 | H79: =A79 -> 0001887881_16ALWY4318 | I79: =B79 -> TOKO AJA | J79: =C79 -> 250861.74 | K79: =D79 -> 0 | L79: =E79 -> 0 | M79: =F79 -> 88546.61 | N79: =J79*$N$4 -> 264910 | O79: =K79*$O$4 -> 0 | P79: =L79*$P$4 -> 0 | Q79: =M79*$Q$4 -> 93505.22 | R79: =IF(N79>Treshold!$D$4,1,0) -> 1 | S79: =IF(O79>Treshold!$D$5,1,0) -> 0 | T79: =IF(P79>Treshold!$D$6,1,0) -> 0 | U79: =IF(Q79>Treshold!$D$7,1,0) -> 1 | V79: =IFERROR(VLOOKUP(H79,jp!AL:AP,4,0),"Belum Masuk JP") -> Watinah Amalia | W79: =IFERROR(VLOOKUP(H79,jp!AL:AP,5,0),0) -> 3
A80: 0001887881_16ALXG1003 | B80: TOKO AMINAH BERKAH | F80: 178149.62 | H80: =A80 -> 0001887881_16ALXG1003 | I80: =B80 -> TOKO AMINAH BERKAH | J80: =C80 -> 0 | K80: =D80 -> 0 | L80: =E80 -> 0 | M80: =F80 -> 178149.62 | N80: =J80*$N$4 -> 0 | O80: =K80*$O$4 -> 0 | P80: =L80*$P$4 -> 0 | Q80: =M80*$Q$4 -> 188126 | R80: =IF(N80>Treshold!$D$4,1,0) -> 0 | S80: =IF(O80>Treshold!$D$5,1,0) -> 0 | T80: =IF(P80>Treshold!$D$6,1,0) -> 0 | U80: =IF(Q80>Treshold!$D$7,1,0) -> 1 | V80: =IFERROR(VLOOKUP(H80,jp!AL:AP,4,0),"Belum Masuk JP") -> Akbar Sobirin | W80: =IFERROR(VLOOKUP(H80,jp!AL:AP,5,0),0) -> 5
A81: 0001887881_16ALXG1006 | B81: TOKO MAJALENGKA TIGA | C81: 5017234.8 | H81: =A81 -> 0001887881_16ALXG1006 | I81: =B81 -> TOKO MAJALENGKA TIGA | J81: =C81 -> 5017234.8 | K81: =D81 -> 0 | L81: =E81 -> 0 | M81: =F81 -> 0 | N81: =J81*$N$4 -> 5298200 | O81: =K81*$O$4 -> 0 | P81: =L81*$P$4 -> 0 | Q81: =M81*$Q$4 -> 0 | R81: =IF(N81>Treshold!$D$4,1,0) -> 1 | S81: =IF(O81>Treshold!$D$5,1,0) -> 0 | T81: =IF(P81>Treshold!$D$6,1,0) -> 0 | U81: =IF(Q81>Treshold!$D$7,1,0) -> 0 | V81: =IFERROR(VLOOKUP(H81,jp!AL:AP,4,0),"Belum Masuk JP") -> Akbar Sobirin | W81: =IFERROR(VLOOKUP(H81,jp!AL:AP,5,0),0) -> 5
A82: 0001887881_16ALXG1007 | B82: TOKO SUMBER REJEKI DOEA | F82: 178149.62 | H82: =A82 -> 0001887881_16ALXG1007 | I82: =B82 -> TOKO SUMBER REJEKI DOEA | J82: =C82 -> 0 | K82: =D82 -> 0 | L82: =E82 -> 0 | M82: =F82 -> 178149.62 | N82: =J82*$N$4 -> 0 | O82: =K82*$O$4 -> 0 | P82: =L82*$P$4 -> 0 | Q82: =M82*$Q$4 -> 188126 | R82: =IF(N82>Treshold!$D$4,1,0) -> 0 | S82: =IF(O82>Treshold!$D$5,1,0) -> 0 | T82: =IF(P82>Treshold!$D$6,1,0) -> 0 | U82: =IF(Q82>Treshold!$D$7,1,0) -> 1 | V82: =IFERROR(VLOOKUP(H82,jp!AL:AP,4,0),"Belum Masuk JP") -> Akbar Sobirin | W82: =IFERROR(VLOOKUP(H82,jp!AL:AP,5,0),0) -> 5
A83: 0001887881_16ALXL1002 | B83: TOKO BERKAT PLASTIK | C83: 25086.174 | F83: 7422.8977 | H83: =A83 -> 0001887881_16ALXL1002 | I83: =B83 -> TOKO BERKAT PLASTIK | J83: =C83 -> 25086.174 | K83: =D83 -> 0 | L83: =E83 -> 0 | M83: =F83 -> 7422.8977 | N83: =J83*$N$4 -> 26491 | O83: =K83*$O$4 -> 0 | P83: =L83*$P$4 -> 0 | Q83: =M83*$Q$4 -> 7838.58 | R83: =IF(N83>Treshold!$D$4,1,0) -> 1 | S83: =IF(O83>Treshold!$D$5,1,0) -> 0 | T83: =IF(P83>Treshold!$D$6,1,0) -> 0 | U83: =IF(Q83>Treshold!$D$7,1,0) -> 0 | V83: =IFERROR(VLOOKUP(H83,jp!AL:AP,4,0),"Belum Masuk JP") -> Eko Prasetyo | W83: =IFERROR(VLOOKUP(H83,jp!AL:AP,5,0),0) -> 1
A84: 0001887881_16ALXL1004 | B84: TOKO KAKA ADIK | D84: 30843.163 | E84: 15889.583 | H84: =A84 -> 0001887881_16ALXL1004 | I84: =B84 -> TOKO KAKA ADIK | J84: =C84 -> 0 | K84: =D84 -> 30843.163 | L84: =E84 -> 15889.583 | M84: =F84 -> 0 | N84: =J84*$N$4 -> 0 | O84: =K84*$O$4 -> 32570.38 | P84: =L84*$P$4 -> 16779.4 | Q84: =M84*$Q$4 -> 0 | R84: =IF(N84>Treshold!$D$4,1,0) -> 0 | S84: =IF(O84>Treshold!$D$5,1,0) -> 0 | T84: =IF(P84>Treshold!$D$6,1,0) -> 0 | U84: =IF(Q84>Treshold!$D$7,1,0) -> 0 | V84: =IFERROR(VLOOKUP(H84,jp!AL:AP,4,0),"Belum Masuk JP") -> Eko Prasetyo | W84: =IFERROR(VLOOKUP(H84,jp!AL:AP,5,0),0) -> 1
A85: 0001887881_16ALXL1005 | B85: TOKO SALWA 46 | C85: 25086.174 | F85: 474405.3 | H85: =A85 -> 0001887881_16ALXL1005 | I85: =B85 -> TOKO SALWA 46 | J85: =C85 -> 25086.174 | K85: =D85 -> 0 | L85: =E85 -> 0 | M85: =F85 -> 474405.3 | N85: =J85*$N$4 -> 26491 | O85: =K85*$O$4 -> 0 | P85: =L85*$P$4 -> 0 | Q85: =M85*$Q$4 -> 500972 | R85: =IF(N85>Treshold!$D$4,1,0) -> 1 | S85: =IF(O85>Treshold!$D$5,1,0) -> 0 | T85: =IF(P85>Treshold!$D$6,1,0) -> 0 | U85: =IF(Q85>Treshold!$D$7,1,0) -> 1 | V85: =IFERROR(VLOOKUP(H85,jp!AL:AP,4,0),"Belum Masuk JP") -> Eko Prasetyo | W85: =IFERROR(VLOOKUP(H85,jp!AL:AP,5,0),0) -> 1
A86: 0001887881_16ALXL1006 | B86: TOKO JAKY | F86: 33293.087 | H86: =A86 -> 0001887881_16ALXL1006 | I86: =B86 -> TOKO JAKY | J86: =C86 -> 0 | K86: =D86 -> 0 | L86: =E86 -> 0 | M86: =F86 -> 33293.087 | N86: =J86*$N$4 -> 0 | O86: =K86*$O$4 -> 0 | P86: =L86*$P$4 -> 0 | Q86: =M86*$Q$4 -> 35157.5 | R86: =IF(N86>Treshold!$D$4,1,0) -> 0 | S86: =IF(O86>Treshold!$D$5,1,0) -> 0 | T86: =IF(P86>Treshold!$D$6,1,0) -> 0 | U86: =IF(Q86>Treshold!$D$7,1,0) -> 1 | V86: =IFERROR(VLOOKUP(H86,jp!AL:AP,4,0),"Belum Masuk JP") -> Eko Prasetyo | W86: =IFERROR(VLOOKUP(H86,jp!AL:AP,5,0),0) -> 1
A87: 0001887881_16ALXL1007 | B87: toko martin | C87: 25086.174 | F87: 7422.8977 | H87: =A87 -> 0001887881_16ALXL1007 | I87: =B87 -> toko martin | J87: =C87 -> 25086.174 | K87: =D87 -> 0 | L87: =E87 -> 0 | M87: =F87 -> 7422.8977 | N87: =J87*$N$4 -> 26491 | O87: =K87*$O$4 -> 0 | P87: =L87*$P$4 -> 0 | Q87: =M87*$Q$4 -> 7838.58 | R87: =IF(N87>Treshold!$D$4,1,0) -> 1 | S87: =IF(O87>Treshold!$D$5,1,0) -> 0 | T87: =IF(P87>Treshold!$D$6,1,0) -> 0 | U87: =IF(Q87>Treshold!$D$7,1,0) -> 0 | V87: =IFERROR(VLOOKUP(H87,jp!AL:AP,4,0),"Belum Masuk JP") -> Eko Prasetyo | W87: =IFERROR(VLOOKUP(H87,jp!AL:AP,5,0),0) -> 1
A88: 0001887881_16ALXL1008 | B88: TOKO BUNGA BERKAH | D88: 493490.53 | E88: 15889.583 | H88: =A88 -> 0001887881_16ALXL1008 | I88: =B88 -> TOKO BUNGA BERKAH | J88: =C88 -> 0 | K88: =D88 -> 493490.53 | L88: =E88 -> 15889.583 | M88: =F88 -> 0 | N88: =J88*$N$4 -> 0 | O88: =K88*$O$4 -> 521126 | P88: =L88*$P$4 -> 16779.4 | Q88: =M88*$Q$4 -> 0 | R88: =IF(N88>Treshold!$D$4,1,0) -> 0 | S88: =IF(O88>Treshold!$D$5,1,0) -> 1 | T88: =IF(P88>Treshold!$D$6,1,0) -> 0 | U88: =IF(Q88>Treshold!$D$7,1,0) -> 0 | V88: =IFERROR(VLOOKUP(H88,jp!AL:AP,4,0),"Belum Masuk JP") -> Eko Prasetyo | W88: =IFERROR(VLOOKUP(H88,jp!AL:AP,5,0),0) -> 1
A89: 0001887881_16ALXM1001 | B89: TOKO SUMBER URIP 2 | C89: 2508617.4 | E89: 1668406.2 | F89: 1188905.3 | H89: =A89 -> 0001887881_16ALXM1001 | I89: =B89 -> TOKO SUMBER URIP 2 | J89: =C89 -> 2508617.4 | K89: =D89 -> 0 | L89: =E89 -> 1668406.2 | M89: =F89 -> 1188905.3 | N89: =J89*$N$4 -> 2649100 | O89: =K89*$O$4 -> 0 | P89: =L89*$P$4 -> 1761837 | Q89: =M89*$Q$4 -> 1255484 | R89: =IF(N89>Treshold!$D$4,1,0) -> 1 | S89: =IF(O89>Treshold!$D$5,1,0) -> 0 | T89: =IF(P89>Treshold!$D$6,1,0) -> 1 | U89: =IF(Q89>Treshold!$D$7,1,0) -> 1 | V89: =IFERROR(VLOOKUP(H89,jp!AL:AP,4,0),"Belum Masuk JP") -> Eko Prasetyo | W89: =IFERROR(VLOOKUP(H89,jp!AL:AP,5,0),0) -> 1
A90: 0001887881_16ALXM1006 | B90: TOKO RAFDAN | D90: 493490.53 | F90: 327228.22 | H90: =A90 -> 0001887881_16ALXM1006 | I90: =B90 -> TOKO RAFDAN | J90: =C90 -> 0 | K90: =D90 -> 493490.53 | L90: =E90 -> 0 | M90: =F90 -> 327228.22 | N90: =J90*$N$4 -> 0 | O90: =K90*$O$4 -> 521126 | P90: =L90*$P$4 -> 0 | Q90: =M90*$Q$4 -> 345553 | R90: =IF(N90>Treshold!$D$4,1,0) -> 0 | S90: =IF(O90>Treshold!$D$5,1,0) -> 1 | T90: =IF(P90>Treshold!$D$6,1,0) -> 0 | U90: =IF(Q90>Treshold!$D$7,1,0) -> 1 | V90: =IFERROR(VLOOKUP(H90,jp!AL:AP,4,0),"Belum Masuk JP") -> Eko Prasetyo | W90: =IFERROR(VLOOKUP(H90,jp!AL:AP,5,0),0) -> 1
A91: 0001887881_16ALXM1436 | B91: TOKO IMAN | C91: 2508617.4 | D91: 986981.06 | F91: 178149.62 | H91: =A91 -> 0001887881_16ALXM1436 | I91: =B91 -> TOKO IMAN | J91: =C91 -> 2508617.4 | K91: =D91 -> 986981.06 | L91: =E91 -> 0 | M91: =F91 -> 178149.62 | N91: =J91*$N$4 -> 2649100 | O91: =K91*$O$4 -> 1042252 | P91: =L91*$P$4 -> 0 | Q91: =M91*$Q$4 -> 188126 | R91: =IF(N91>Treshold!$D$4,1,0) -> 1 | S91: =IF(O91>Treshold!$D$5,1,0) -> 1 | T91: =IF(P91>Treshold!$D$6,1,0) -> 0 | U91: =IF(Q91>Treshold!$D$7,1,0) -> 1 | V91: =IFERROR(VLOOKUP(H91,jp!AL:AP,4,0),"Belum Masuk JP") -> Al Setyah Anggun | W91: =IFERROR(VLOOKUP(H91,jp!AL:AP,5,0),0) -> 3
A92: 0001887881_16AMDO1004 | B92: TOKO AKWANG | D92: 61686.316 | F92: 29691.6 | H92: =A92 -> 0001887881_16AMDO1004 | I92: =B92 -> TOKO AKWANG | J92: =C92 -> 0 | K92: =D92 -> 61686.316 | L92: =E92 -> 0 | M92: =F92 -> 29691.6 | N92: =J92*$N$4 -> 0 | O92: =K92*$O$4 -> 65140.75 | P92: =L92*$P$4 -> 0 | Q92: =M92*$Q$4 -> 31354.33 | R92: =IF(N92>Treshold!$D$4,1,0) -> 0 | S92: =IF(O92>Treshold!$D$5,1,0) -> 1 | T92: =IF(P92>Treshold!$D$6,1,0) -> 0 | U92: =IF(Q92>Treshold!$D$7,1,0) -> 1 | V92: =IFERROR(VLOOKUP(H92,jp!AL:AP,4,0),"Belum Masuk JP") -> Fariq | W92: =IFERROR(VLOOKUP(H92,jp!AL:AP,5,0),0) -> 1
A93: 0001887881_16AMDQ1007 | B93: TOKO SUDIRMAN | C93: 25086.174 | D93: 61686.316 | E93: 317791.67 | H93: =A93 -> 0001887881_16AMDQ1007 | I93: =B93 -> TOKO SUDIRMAN | J93: =C93 -> 25086.174 | K93: =D93 -> 61686.316 | L93: =E93 -> 317791.67 | M93: =F93 -> 0 | N93: =J93*$N$4 -> 26491 | O93: =K93*$O$4 -> 65140.75 | P93: =L93*$P$4 -> 335588 | Q93: =M93*$Q$4 -> 0 | R93: =IF(N93>Treshold!$D$4,1,0) -> 1 | S93: =IF(O93>Treshold!$D$5,1,0) -> 1 | T93: =IF(P93>Treshold!$D$6,1,0) -> 1 | U93: =IF(Q93>Treshold!$D$7,1,0) -> 0 | V93: =IFERROR(VLOOKUP(H93,jp!AL:AP,4,0),"Belum Masuk JP") -> Fariq | W93: =IFERROR(VLOOKUP(H93,jp!AL:AP,5,0),0) -> 3
A94: 0001887881_16AMDQ1015 | B94: TOKO RAFA | D94: 493490.53 | E94: 635583.33 | H94: =A94 -> 0001887881_16AMDQ1015 | I94: =B94 -> TOKO RAFA | J94: =C94 -> 0 | K94: =D94 -> 493490.53 | L94: =E94 -> 635583.33 | M94: =F94 -> 0 | N94: =J94*$N$4 -> 0 | O94: =K94*$O$4 -> 521126 | P94: =L94*$P$4 -> 671176 | Q94: =M94*$Q$4 -> 0 | R94: =IF(N94>Treshold!$D$4,1,0) -> 0 | S94: =IF(O94>Treshold!$D$5,1,0) -> 1 | T94: =IF(P94>Treshold!$D$6,1,0) -> 1 | U94: =IF(Q94>Treshold!$D$7,1,0) -> 0 | V94: =IFERROR(VLOOKUP(H94,jp!AL:AP,4,0),"Belum Masuk JP") -> Watinah Amalia | W94: =IFERROR(VLOOKUP(H94,jp!AL:AP,5,0),0) -> 6
A95: 0001887881_16AMDR0004 | B95: TOKO ALDI KABAN DUA | C95: 752585.23 | D95: 986981.06 | E95: 953375 | F95: 267224.43 | H95: =A95 -> 0001887881_16AMDR0004 | I95: =B95 -> TOKO ALDI KABAN DUA | J95: =C95 -> 752585.23 | K95: =D95 -> 986981.06 | L95: =E95 -> 953375 | M95: =F95 -> 267224.43 | N95: =J95*$N$4 -> 794730 | O95: =K95*$O$4 -> 1042252 | P95: =L95*$P$4 -> 1006764 | Q95: =M95*$Q$4 -> 282189 | R95: =IF(N95>Treshold!$D$4,1,0) -> 1 | S95: =IF(O95>Treshold!$D$5,1,0) -> 1 | T95: =IF(P95>Treshold!$D$6,1,0) -> 1 | U95: =IF(Q95>Treshold!$D$7,1,0) -> 1 | V95: =IFERROR(VLOOKUP(H95,jp!AL:AP,4,0),"Belum Masuk JP") -> Watinah Amalia | W95: =IFERROR(VLOOKUP(H95,jp!AL:AP,5,0),0) -> 5
A96: 0001887881_16AMKJ1001 | B96: TOKO PUTRA | C96: 501723.48 | D96: 61686.316 | E96: 1588958.3 | H96: =A96 -> 0001887881_16AMKJ1001 | I96: =B96 -> TOKO PUTRA | J96: =C96 -> 501723.48 | K96: =D96 -> 61686.316 | L96: =E96 -> 1588958.3 | M96: =F96 -> 0 | N96: =J96*$N$4 -> 529820 | O96: =K96*$O$4 -> 65140.75 | P96: =L96*$P$4 -> 1677940 | Q96: =M96*$Q$4 -> 0 | R96: =IF(N96>Treshold!$D$4,1,0) -> 1 | S96: =IF(O96>Treshold!$D$5,1,0) -> 1 | T96: =IF(P96>Treshold!$D$6,1,0) -> 1 | U96: =IF(Q96>Treshold!$D$7,1,0) -> 0 | V96: =IFERROR(VLOOKUP(H96,jp!AL:AP,4,0),"Belum Masuk JP") -> Fariq | W96: =IFERROR(VLOOKUP(H96,jp!AL:AP,5,0),0) -> 1
A97: 0001887881_16AMKJ1063 | B97: TOKO ANUGRAH JAYA SNACK | D97: 61686.316 | E97: 31779.167 | H97: =A97 -> 0001887881_16AMKJ1063 | I97: =B97 -> TOKO ANUGRAH JAYA SNACK | J97: =C97 -> 0 | K97: =D97 -> 61686.316 | L97: =E97 -> 31779.167 | M97: =F97 -> 0 | N97: =J97*$N$4 -> 0 | O97: =K97*$O$4 -> 65140.75 | P97: =L97*$P$4 -> 33558.8 | Q97: =M97*$Q$4 -> 0 | R97: =IF(N97>Treshold!$D$4,1,0) -> 0 | S97: =IF(O97>Treshold!$D$5,1,0) -> 1 | T97: =IF(P97>Treshold!$D$6,1,0) -> 1 | U97: =IF(Q97>Treshold!$D$7,1,0) -> 0 | V97: =IFERROR(VLOOKUP(H97,jp!AL:AP,4,0),"Belum Masuk JP") -> Fariq | W97: =IFERROR(VLOOKUP(H97,jp!AL:AP,5,0),0) -> 1
A98: 0001887881_16AMKL0012 | B98: TOKO AWI PEJUANG | D98: 246745.27 | E98: 31779.167 | F98: 89074.811 | H98: =A98 -> 0001887881_16AMKL0012 | I98: =B98 -> TOKO AWI PEJUANG | J98: =C98 -> 0 | K98: =D98 -> 246745.27 | L98: =E98 -> 31779.167 | M98: =F98 -> 89074.811 | N98: =J98*$N$4 -> 0 | O98: =K98*$O$4 -> 260563 | P98: =L98*$P$4 -> 33558.8 | Q98: =M98*$Q$4 -> 94063 | R98: =IF(N98>Treshold!$D$4,1,0) -> 0 | S98: =IF(O98>Treshold!$D$5,1,0) -> 1 | T98: =IF(P98>Treshold!$D$6,1,0) -> 1 | U98: =IF(Q98>Treshold!$D$7,1,0) -> 1 | V98: =IFERROR(VLOOKUP(H98,jp!AL:AP,4,0),"Belum Masuk JP") -> Watinah Amalia | W98: =IFERROR(VLOOKUP(H98,jp!AL:AP,5,0),0) -> 4
A99: 0001887881_16AMKL1003 | B99: TOKO MAJU JAYA SNACK | C99: 501723.48 | D99: 61686.316 | E99: 31779.167 | H99: =A99 -> 0001887881_16AMKL1003 | I99: =B99 -> TOKO MAJU JAYA SNACK | J99: =C99 -> 501723.48 | K99: =D99 -> 61686.316 | L99: =E99 -> 31779.167 | M99: =F99 -> 0 | N99: =J99*$N$4 -> 529820 | O99: =K99*$O$4 -> 65140.75 | P99: =L99*$P$4 -> 33558.8 | Q99: =M99*$Q$4 -> 0 | R99: =IF(N99>Treshold!$D$4,1,0) -> 1 | S99: =IF(O99>Treshold!$D$5,1,0) -> 1 | T99: =IF(P99>Treshold!$D$6,1,0) -> 1 | U99: =IF(Q99>Treshold!$D$7,1,0) -> 0 | V99: =IFERROR(VLOOKUP(H99,jp!AL:AP,4,0),"Belum Masuk JP") -> Fariq | W99: =IFERROR(VLOOKUP(H99,jp!AL:AP,5,0),0) -> 3
A100: 0001887881_16AMKM1010 | B100: TOKO IRZA | C100: 250861.74 | E100: 0 | H100: =A100 -> 0001887881_16AMKM1010 | I100: =B100 -> TOKO IRZA | J100: =C100 -> 250861.74 | K100: =D100 -> 0 | L100: =E100 -> 0 | M100: =F100 -> 0 | N100: =J100*$N$4 -> 264910 | O100: =K100*$O$4 -> 0 | P100: =L100*$P$4 -> 0 | Q100: =M100*$Q$4 -> 0 | R100: =IF(N100>Treshold!$D$4,1,0) -> 1 | S100: =IF(O100>Treshold!$D$5,1,0) -> 0 | T100: =IF(P100>Treshold!$D$6,1,0) -> 0 | U100: =IF(Q100>Treshold!$D$7,1,0) -> 0 | V100: =IFERROR(VLOOKUP(H100,jp!AL:AP,4,0),"Belum Masuk JP") -> Fariq | W100: =IFERROR(VLOOKUP(H100,jp!AL:AP,5,0),0) -> 6
...

Sheet jp
A1: File Code | B1: Geo Tree 1 Code | C1: Geo Tree 1 Name | D1: Geo Tree 2 Code | E1: Geo Tree 2 Name | F1: Geo Tree 4 Code | G1: Geo Tree 4 Name | H1: Geo Tree 4 Code | I1: Geo Tree 4 Name | J1: Geo Tree 5 Code | K1: Geo Tree 5 Name | L1: Geo Tree 6 Code | M1: Geo Tree 6 Name | N1: Distributor Code | O1: Distributor Name | P1: Salesman Code | Q1: Salesman Name | R1: Salesman Type | S1: Freq Week | T1: Call Plan ID | U1: Call Plan Name | V1: Visit Day | W1: Call Sequence | X1: Customer Code | Y1: Customer Code Key | Z1: Customer Name | AA1: Channel Code | AB1: Channel Name | AC1: Sub Channel Code | AD1: Sub Channel Name | AE1: Customer Category | AF1: Customer Address | AG1: Target | AH1: Latitude | AI1: Longitude | AJ1: Kabupaten
A2: TJourneyPlan | B2: R21 | C2: ID GREATER JAKARTA REGION | D2: R21 | E2: ID GREATER JAKARTA REGION | F2: R21-05 | G2: ID Bekasi Area | H2: R21-05 | I2: ID Bekasi Area | J2: R21-05-01 | K2: ID Bekasi Area | N2: 1887881 | O2: PT Bintang Bunut | P2: MTS001 | Q2: Ajeng | R2: Taking Order | S2: W | T2: MTS001 | U2: MTS001 | V2: 7 | W2: 480 | X2: 150062 | Y2: 1887881#150062 | Z2: NAGA TAMBUN | AA2: 1502 | AB2: Supermarket | AC2: 150202 | AD2: Supermarket Local | AE2: Uncategorized | AF2: Jl Diponegoro No85 RT5RW1 Setiamekar Kec, Tambun Sel Kabupaten Bekasi Jawa Barat 17510 I, ndonesia | AG2: 0 | AH2: -6.2577752 | AI2: 107.05041
A3: TJourneyPlan | B3: R21 | C3: ID GREATER JAKARTA REGION | D3: R21 | E3: ID GREATER JAKARTA REGION | F3: R21-05 | G3: ID Bekasi Area | H3: R21-05 | I3: ID Bekasi Area | J3: R21-05-01 | K3: ID Bekasi Area | N3: 1887881 | O3: PT Bintang Bunut | P3: MTS001 | Q3: Ajeng | R3: Taking Order | S3: W | T3: MTS001 | U3: MTS001 | V3: 7 | W3: 490 | X3: 150064 | Y3: 1887881#150064 | Z3: NAGA PONDOK GEDE | AA3: 1502 | AB3: Supermarket | AC3: 150202 | AD3: Supermarket Local | AE3: Uncategorized | AF3: Plazza pondok gede 2 lantai 2 RT001RW001 Jati, waringin Kec Pd Gede Kota Bks Jawa Barat 1741, 1 Indonesia | AG3: 0 | AH3: -6.2847525 | AI3: 106.91186 | AM3: Salesman Code | AN3: (Multiple Items)
A4: TJourneyPlan | B4: R21 | C4: ID GREATER JAKARTA REGION | D4: R21 | E4: ID GREATER JAKARTA REGION | F4: R21-05 | G4: ID Bekasi Area | H4: R21-05 | I4: ID Bekasi Area | J4: R21-05-01 | K4: ID Bekasi Area | N4: 1887881 | O4: PT Bintang Bunut | P4: MTS001 | Q4: Ajeng | R4: Taking Order | S4: W | T4: MTS001 | U4: MTS001 | V4: 1 | W4: 170 | X4: 150064 | Y4: 1887881#150064 | Z4: NAGA PONDOK GEDE | AA4: 1502 | AB4: Supermarket | AC4: 150202 | AD4: Supermarket Local | AE4: Uncategorized | AF4: Plazza pondok gede 2 lantai 2 RT001RW001 Jati, waringin Kec Pd Gede Kota Bks Jawa Barat 1741, 1 Indonesia | AG4: 0 | AH4: -6.2847525 | AI4: 106.91186 | AM4: Channel Name | AN4: Provision
A5: TJourneyPlan | B5: R21 | C5: ID GREATER JAKARTA REGION | D5: R21 | E5: ID GREATER JAKARTA REGION | F5: R21-05 | G5: ID Bekasi Area | H5: R21-05 | I5: ID Bekasi Area | J5: R21-05-01 | K5: ID Bekasi Area | N5: 1887881 | O5: PT Bintang Bunut | P5: MTS001 | Q5: Ajeng | R5: Taking Order | S5: W | T5: MTS001 | U5: MTS001 | V5: 7 | W5: 500 | X5: 150066 | Y5: 1887881#150066 | Z5: NAGA CIRACAS | AA5: 1502 | AB5: Supermarket | AC5: 150202 | AD5: Supermarket Local | AE5: Uncategorized | AF5: Jl Raya Bogor KM26 No20 RT1RW8 Ciracas Ke, c Ciracas Kota Jakarta Timur Daerah Khusus Ibuk, ota Jakarta 13740 Indonesia | AG5: 0 | AH5: -6.3309713 | AI5: 106.86763 | AL5: TARIK BAWAH TIAP REFRESH
A6: TJourneyPlan | B6: R21 | C6: ID GREATER JAKARTA REGION | D6: R21 | E6: ID GREATER JAKARTA REGION | F6: R21-05 | G6: ID Bekasi Area | H6: R21-05 | I6: ID Bekasi Area | J6: R21-05-01 | K6: ID Bekasi Area | N6: 1887881 | O6: PT Bintang Bunut | P6: MTS001 | Q6: Ajeng | R6: Taking Order | S6: W | T6: MTS001 | U6: MTS001 | V6: 7 | W6: 510 | X6: 150094 | Y6: 1887881#150094 | Z6: NAGA CIKARANG | AA6: 1502 | AB6: Supermarket | AC6: 150202 | AD6: Supermarket Local | AE6: Uncategorized | AF6: Jl RE Martadinata No17 Cikarang Kota Kec Cik, arang Utara Kabupaten Bekasi Jawa Barat 17530 I, ndonesia | AG6: 0 | AH6: -6.2588518 | AI6: 107.14772 | AL6: Comp Cust Code | AM6: Customer Code | AN6: Customer Name | AO6: Salesman Name | AP6: Visit Day
A7: TJourneyPlan | B7: R21 | C7: ID GREATER JAKARTA REGION | D7: R21 | E7: ID GREATER JAKARTA REGION | F7: R21-05 | G7: ID Bekasi Area | H7: R21-05 | I7: ID Bekasi Area | J7: R21-05-01 | K7: ID Bekasi Area | N7: 1887881 | O7: PT Bintang Bunut | P7: MTS001 | Q7: Ajeng | R7: Taking Order | S7: W | T7: MTS001 | U7: MTS001 | V7: 7 | W7: 520 | X7: 15060 | Y7: 1887881#15060 | Z7: NAGA PEKAYON | AA7: 1502 | AB7: Supermarket | AC7: 150202 | AD7: Supermarket Local | AE7: Uncategorized | AF7: Jl Raya Pekayon No177 RT001RW020 Pekayon Ja, ya Kec Bekasi Sel Kota Bks Jawa Barat 17148, Indonesia | AG7: 0 | AH7: -6.2642013 | AI7: 106.98721 | AL7: ="0001887881_"&AM7 -> 0001887881_10014 | AM7: 10014 | AN7: BINTANG | AO7: Tuan Suhanda | AP7: 2
A8: TJourneyPlan | B8: R21 | C8: ID GREATER JAKARTA REGION | D8: R21 | E8: ID GREATER JAKARTA REGION | F8: R21-05 | G8: ID Bekasi Area | H8: R21-05 | I8: ID Bekasi Area | J8: R21-05-01 | K8: ID Bekasi Area | N8: 1887881 | O8: PT Bintang Bunut | P8: MTS001 | Q8: Ajeng | R8: Taking Order | S8: W | T8: MTS001 | U8: MTS001 | V8: 7 | W8: 530 | X8: 15061 | Y8: 1887881#15061 | Z8: NAGA KRANJI | AA8: 1502 | AB8: Supermarket | AC8: 150202 | AD8: Supermarket Local | AE8: Uncategorized | AF8: JL JEND SUDIRMAN NO 57 | AG8: 0 | AH8: -6.22512 | AI8: 106.97969 | AL8: ="0001887881_"&AM8 -> 0001887881_10024 | AM8: 10024 | AN8: SURYA GROUP III | AO8: Tuan Suhanda | AP8: 6
A9: TJourneyPlan | B9: R21 | C9: ID GREATER JAKARTA REGION | D9: R21 | E9: ID GREATER JAKARTA REGION | F9: R21-05 | G9: ID Bekasi Area | H9: R21-05 | I9: ID Bekasi Area | J9: R21-05-01 | K9: ID Bekasi Area | N9: 1887881 | O9: PT Bintang Bunut | P9: MTS001 | Q9: Ajeng | R9: Taking Order | S9: W | T9: MTS001 | U9: MTS001 | V9: 7 | W9: 540 | X9: 15063 | Y9: 1887881#15063 | Z9: NAGA PONDOK UNGU | AA9: 1502 | AB9: Supermarket | AC9: 150202 | AD9: Supermarket Local | AE9: Uncategorized | AF9: Jl Sultan Agung No18 RT007RW006 Medan Satri, a Kecamatan Medan Satria Kota Bks Jawa Barat 17, 132 Indonesia | AG9: 0 | AH9: -6.1965387 | AI9: 106.97442 | AL9: ="0001887881_"&AM9 -> 0001887881_10025 | AM9: 10025 | AN9: SURYA GROUP I | AO9: Tuan Suhanda | AP9: 6
A10: TJourneyPlan | B10: R21 | C10: ID GREATER JAKARTA REGION | D10: R21 | E10: ID GREATER JAKARTA REGION | F10: R21-05 | G10: ID Bekasi Area | H10: R21-05 | I10: ID Bekasi Area | J10: R21-05-01 | K10: ID Bekasi Area | N10: 1887881 | O10: PT Bintang Bunut | P10: MTS001 | Q10: Ajeng | R10: Taking Order | S10: W | T10: MTS001 | U10: MTS001 | V10: 7 | W10: 550 | X10: 15065 | Y10: 1887881#15065 | Z10: NAGA JATI WARINGIN | AA10: 1502 | AB10: Supermarket | AC10: 150202 | AD10: Supermarket Local | AE10: Uncategorized | AF10: Jl Raya Jatiwaringin No91 Jatiwaringin Kec Pd, Gede Kota Jakarta Timur Daerah Khusus Ibukota, Jakarta 17411 Indonesia | AG10: 0 | AH10: -6.2483851 | AI10: 106.90785 | AL10: ="0001887881_"&AM10 -> 0001887881_10032 | AM10: 10032 | AN10: TOKO KURNIA | AO10: Tuan Suhanda | AP10: 1
A11: TJourneyPlan | B11: R21 | C11: ID GREATER JAKARTA REGION | D11: R21 | E11: ID GREATER JAKARTA REGION | F11: R21-05 | G11: ID Bekasi Area | H11: R21-05 | I11: ID Bekasi Area | J11: R21-05-01 | K11: ID Bekasi Area | N11: 1887881 | O11: PT Bintang Bunut | P11: MTS001 | Q11: Ajeng | R11: Taking Order | S11: W | T11: MTS001 | U11: MTS001 | V11: 7 | W11: 560 | X11: 15067 | Y11: 1887881#15067 | Z11: NAGA JATI ASIH | AA11: 1502 | AB11: Supermarket | AC11: 150202 | AD11: Supermarket Local | AE11: Uncategorized | AF11: Jl Raya Jatiasih No1 RT005RW004 Jatiasih K, ec Jatiasih Kota Bks Jawa Barat 17423 Indonesi, a | AG11: 0 | AH11: -6.2942705 | AI11: 106.96488 | AL11: ="0001887881_"&AM11 -> 0001887881_10042 | AM11: 10042 | AN11: TOKO AUREL | AO11: Tuan Suhanda | AP11: 1
A12: TJourneyPlan | B12: R21 | C12: ID GREATER JAKARTA REGION | D12: R21 | E12: ID GREATER JAKARTA REGION | F12: R21-05 | G12: ID Bekasi Area | H12: R21-05 | I12: ID Bekasi Area | J12: R21-05-01 | K12: ID Bekasi Area | N12: 1887881 | O12: PT Bintang Bunut | P12: MTS001 | Q12: Ajeng | R12: Taking Order | S12: W | T12: MTS001 | U12: MTS001 | V12: 7 | W12: 570 | X12: 151182 | Y12: 1887881#151182 | Z12: NAGA WISMA ASRI | AA12: 1502 | AB12: Supermarket | AC12: 150202 | AD12: Supermarket Local | AE12: Uncategorized | AF12: GF Naga Wisma ASRI JL Perjuangan Raya Harapa, n Baru 88 Perwira 17123 Bekasi Jawa Barat, RT001RW008 Harapan Baru Bekasi Utara Bekasi | AG12: 0 | AH12: -6.2212808 | AI12: 107.01864 | AL12: ="0001887881_"&AM12 -> 0001887881_10056 | AM12: 10056 | AN12: TOKO PRIMA JAYA 6 | AO12: Tuan Suhanda | AP12: 3
A13: TJourneyPlan | B13: R21 | C13: ID GREATER JAKARTA REGION | D13: R21 | E13: ID GREATER JAKARTA REGION | F13: R21-05 | G13: ID Bekasi Area | H13: R21-05 | I13: ID Bekasi Area | J13: R21-05-01 | K13: ID Bekasi Area | N13: 1887881 | O13: PT Bintang Bunut | P13: MTS001 | Q13: Ajeng | R13: Taking Order | S13: W | T13: MTS001 | U13: MTS001 | V13: 7 | W13: 110 | X13: 35352 | Y13: 1887881#35352 | Z13: HOLLAND BAKERY | AA13: 1715 | AB13: Institution and Entertaiment | AC13: 171504 | AD13: Horeca | AE13: Uncategorized | AF13: Jl Karang Bolong Raya No1 RT6RW4 Ancol, kec Pademangan Jkt Utara Daerah Khusus Ibukota | AG13: 0 | AH13: -6.125759 | AI13: 106.81555 | AL13: ="0001887881_"&AM13 -> 0001887881_10061 | AM13: 10061 | AN13: TOKO JAYA BARU | AO13: Tuan Suhanda | AP13: 1
A14: TJourneyPlan | B14: R21 | C14: ID GREATER JAKARTA REGION | D14: R21 | E14: ID GREATER JAKARTA REGION | F14: R21-05 | G14: ID Bekasi Area | H14: R21-05 | I14: ID Bekasi Area | J14: R21-05-01 | K14: ID Bekasi Area | N14: 1887881 | O14: PT Bintang Bunut | P14: MTS001 | Q14: Ajeng | R14: Taking Order | S14: W | T14: MTS001 | U14: MTS001 | V14: 7 | W14: 600 | X14: 35653 | Y14: 1887881#35653 | Z14: NAGA HANKAM | AA14: 1502 | AB14: Supermarket | AC14: 150202 | AD14: Supermarket Local | AE14: Uncategorized | AF14: Jl Raya Hankam RT002RW018 Jatirahayu Kec P, d Melati Kota Bks Jawa Barat 17414 Indonesia | AG14: 0 | AH14: -6.2951568 | AI14: 106.92125 | AL14: ="0001887881_"&AM14 -> 0001887881_10064 | AM14: 10064 | AN14: TOKO IBRAHIM | AO14: Tuan Suhanda | AP14: 1
A15: TJourneyPlan | B15: R21 | C15: ID GREATER JAKARTA REGION | D15: R21 | E15: ID GREATER JAKARTA REGION | F15: R21-05 | G15: ID Bekasi Area | H15: R21-05 | I15: ID Bekasi Area | J15: R21-05-01 | K15: ID Bekasi Area | N15: 1887881 | O15: PT Bintang Bunut | P15: MTS001 | Q15: Ajeng | R15: Taking Order | S15: W | T15: MTS001 | U15: MTS001 | V15: 1 | W15: 160 | X15: 35653 | Y15: 1887881#35653 | Z15: NAGA HANKAM | AA15: 1502 | AB15: Supermarket | AC15: 150202 | AD15: Supermarket Local | AE15: Uncategorized | AF15: Jl Raya Hankam RT002RW018 Jatirahayu Kec P, d Melati Kota Bks Jawa Barat 17414 Indonesia | AG15: 0 | AH15: -6.2951568 | AI15: 106.92125 | AL15: ="0001887881_"&AM15 -> 0001887881_10070 | AM15: 10070 | AN15: ARIA | AO15: Tuan Suhanda | AP15: 1
A16: TJourneyPlan | B16: R21 | C16: ID GREATER JAKARTA REGION | D16: R21 | E16: ID GREATER JAKARTA REGION | F16: R21-05 | G16: ID Bekasi Area | H16: R21-05 | I16: ID Bekasi Area | J16: R21-05-01 | K16: ID Bekasi Area | N16: 1887881 | O16: PT Bintang Bunut | P16: MTS001 | Q16: Ajeng | R16: Taking Order | S16: W | T16: MTS001 | U16: MTS001 | V16: 7 | W16: 610 | X16: 356689 | Y16: 1887881#356689 | Z16: NAGA TB SIMATUPANG | AA16: 1502 | AB16: Supermarket | AC16: 150202 | AD16: Supermarket Local | AE16: Uncategorized | AF16: Jl TB Simatupang No3 RT3RW2 Tj Bar Kec, Jagakarsa Jakarta Daerah Khusus Ibukota Jakarta, 13760 Indonesia | AG16: 0 | AH16: -6.3044517 | AI16: 106.84767 | AL16: ="0001887881_"&AM16 -> 0001887881_10071 | AM16: 10071 | AN16: TOKO SALAM | AO16: Tuan Suhanda | AP16: 4
A17: TJourneyPlan | B17: R21 | C17: ID GREATER JAKARTA REGION | D17: R21 | E17: ID GREATER JAKARTA REGION | F17: R21-05 | G17: ID Bekasi Area | H17: R21-05 | I17: ID Bekasi Area | J17: R21-05-01 | K17: ID Bekasi Area | N17: 1887881 | O17: PT Bintang Bunut | P17: MTS001 | Q17: Ajeng | R17: Taking Order | S17: W | T17: MTS001 | U17: MTS001 | V17: 1 | W17: 180 | X17: 356689 | Y17: 1887881#356689 | Z17: NAGA TB SIMATUPANG | AA17: 1502 | AB17: Supermarket | AC17: 150202 | AD17: Supermarket Local | AE17: Uncategorized | AF17: Jl TB Simatupang No3 RT3RW2 Tj Bar Kec, Jagakarsa Jakarta Daerah Khusus Ibukota Jakarta, 13760 Indonesia | AG17: 0 | AH17: -6.3044517 | AI17: 106.84767 | AL17: ="0001887881_"&AM17 -> 0001887881_10073 | AM17: 10073 | AN17: TOKO SIDOMULYO | AO17: Tuan Suhanda | AP17: 1
A18: TJourneyPlan | B18: R21 | C18: ID GREATER JAKARTA REGION | D18: R21 | E18: ID GREATER JAKARTA REGION | F18: R21-05 | G18: ID Bekasi Area | H18: R21-05 | I18: ID Bekasi Area | J18: R21-05-01 | K18: ID Bekasi Area | N18: 1887881 | O18: PT Bintang Bunut | P18: MTS001 | Q18: Ajeng | R18: Taking Order | S18: W | T18: MTS001 | U18: MTS001 | V18: 7 | W18: 320 | X18: 17ASNO1005 | Y18: 1887881#17ASNO1005 | Z18: PT DCIKA PRIMA MAHKOTA | AA18: 1715 | AB18: Institution and Entertaiment | AC18: 171504 | AD18: Horeca | AE18: Uncategorized | AF18: JL CAMAN RAYA JATI BENING KEC PONDOK GEDE, JATI BENING, PONDOK GEDE | AG18: 0 | AH18: -6.254887 | AI18: 106.95127 | AL18: ="0001887881_"&AM18 -> 0001887881_10074 | AM18: 10074 | AN18: TOKO MUNIR 2 | AO18: Abdul | AP18: 4
A19: TJourneyPlan | B19: R21 | C19: ID GREATER JAKARTA REGION | D19: R21 | E19: ID GREATER JAKARTA REGION | F19: R21-05 | G19: ID Bekasi Area | H19: R21-05 | I19: ID Bekasi Area | J19: R21-05-01 | K19: ID Bekasi Area | N19: 1887881 | O19: PT Bintang Bunut | P19: MTS001 | Q19: Ajeng | R19: Taking Order | S19: W | T19: MTS001 | U19: MTS001 | V19: 5 | W19: 30 | X19: 17ANLW1049 | Y19: 1887881#17ANLW1049 | Z19: ALPUKAT KOCOK TWIN | AA19: 1714 | AB19: Mobillity | AC19: 171402 | AD19: Operator & Street stall | AE19: Uncategorized | AF19: JL ASEM RT003 RW 010 KLE JATIMULYA | AG19: 0 | AH19: -6.2818371 | AI19: 107.02804 | AL19: ="0001887881_"&AM19 -> 0001887881_10075 | AM19: 10075 | AN19: TOKO IHSAN | AO19: Tuan Suhanda | AP19: 4
A20: TJourneyPlan | B20: R21 | C20: ID GREATER JAKARTA REGION | D20: R21 | E20: ID GREATER JAKARTA REGION | F20: R21-05 | G20: ID Bekasi Area | H20: R21-05 | I20: ID Bekasi Area | J20: R21-05-01 | K20: ID Bekasi Area | N20: 1887881 | O20: PT Bintang Bunut | P20: MTS001 | Q20: Ajeng | R20: Taking Order | S20: W | T20: MTS001 | U20: MTS001 | V20: 1 | W20: 30 | X20: 17ANLW1049 | Y20: 1887881#17ANLW1049 | Z20: ALPUKAT KOCOK TWIN | AA20: 1714 | AB20: Mobillity | AC20: 171402 | AD20: Operator & Street stall | AE20: Uncategorized | AF20: JL ASEM RT003 RW 010 KLE JATIMULYA | AG20: 0 | AH20: -6.2818371 | AI20: 107.02804 | AL20: ="0001887881_"&AM20 -> 0001887881_10076 | AM20: 10076 | AN20: TOKO DIAN PLASTIK | AO20: Watinah Amalia | AP20: 6
A21: TJourneyPlan | B21: R21 | C21: ID GREATER JAKARTA REGION | D21: R21 | E21: ID GREATER JAKARTA REGION | F21: R21-05 | G21: ID Bekasi Area | H21: R21-05 | I21: ID Bekasi Area | J21: R21-05-01 | K21: ID Bekasi Area | N21: 1887881 | O21: PT Bintang Bunut | P21: MTS001 | Q21: Ajeng | R21: Taking Order | S21: W | T21: MTS001 | U21: MTS001 | V21: 2 | W21: 380 | X21: 17ANLW1049 | Y21: 1887881#17ANLW1049 | Z21: ALPUKAT KOCOK TWIN | AA21: 1714 | AB21: Mobillity | AC21: 171402 | AD21: Operator & Street stall | AE21: Uncategorized | AF21: JL ASEM RT003 RW 010 KLE JATIMULYA | AG21: 0 | AH21: -6.2818371 | AI21: 107.02804 | AL21: ="0001887881_"&AM21 -> 0001887881_10077 | AM21: 10077 | AN21: TOKO AAM | AO21: Abdul | AP21: 5
A22: TJourneyPlan | B22: R21 | C22: ID GREATER JAKARTA REGION | D22: R21 | E22: ID GREATER JAKARTA REGION | F22: R21-05 | G22: ID Bekasi Area | H22: R21-05 | I22: ID Bekasi Area | J22: R21-05-01 | K22: ID Bekasi Area | N22: 1887881 | O22: PT Bintang Bunut | P22: MTS001 | Q22: Ajeng | R22: Taking Order | S22: W | T22: MTS001 | U22: MTS001 | V22: 4 | W22: 350 | X22: 17ANLW1049 | Y22: 1887881#17ANLW1049 | Z22: ALPUKAT KOCOK TWIN | AA22: 1714 | AB22: Mobillity | AC22: 171402 | AD22: Operator & Street stall | AE22: Uncategorized | AF22: JL ASEM RT003 RW 010 KLE JATIMULYA | AG22: 0 | AH22: -6.2818371 | AI22: 107.02804 | AL22: ="0001887881_"&AM22 -> 0001887881_10079 | AM22: 10079 | AN22: TOKO SURYA GROUP IV | AO22: Tuan Suhanda | AP22: 6
A23: TJourneyPlan | B23: R21 | C23: ID GREATER JAKARTA REGION | D23: R21 | E23: ID GREATER JAKARTA REGION | F23: R21-05 | G23: ID Bekasi Area | H23: R21-05 | I23: ID Bekasi Area | J23: R21-05-01 | K23: ID Bekasi Area | N23: 1887881 | O23: PT Bintang Bunut | P23: MTS001 | Q23: Ajeng | R23: Taking Order | S23: W | T23: MTS001 | U23: MTS001 | V23: 3 | W23: 200 | X23: 17ANLW1049 | Y23: 1887881#17ANLW1049 | Z23: ALPUKAT KOCOK TWIN | AA23: 1714 | AB23: Mobillity | AC23: 171402 | AD23: Operator & Street stall | AE23: Uncategorized | AF23: JL ASEM RT003 RW 010 KLE JATIMULYA | AG23: 0 | AH23: -6.2818371 | AI23: 107.02804 | AL23: ="0001887881_"&AM23 -> 0001887881_10083 | AM23: 10083 | AN23: TOKO NURUL ALFI | AO23: Abdul | AP23: 3
A24: TJourneyPlan | B24: R21 | C24: ID GREATER JAKARTA REGION | D24: R21 | E24: ID GREATER JAKARTA REGION | F24: R21-05 | G24: ID Bekasi Area | H24: R21-05 | I24: ID Bekasi Area | J24: R21-05-01 | K24: ID Bekasi Area | N24: 1887881 | O24: PT Bintang Bunut | P24: MTS001 | Q24: Ajeng | R24: Taking Order | S24: W | T24: MTS001 | U24: MTS001 | V24: 7 | W24: 580 | X24: 15APFO1001 | Y24: 1887881#15APFO1001 | Z24: NAGA WIBAWA MUKTI | AA24: 1502 | AB24: Supermarket | AC24: 150202 | AD24: Supermarket Local | AE24: Uncategorized | AF24: JL WIBAWA MUKTI II NO 81 RT0 B00 PO1, KOTA BEKASI JAWA BARAT | AG24: 0 | AH24: -6.30622 | AI24: 106.95631 | AL24: ="0001887881_"&AM24 -> 0001887881_10116 | AM24: 10116 | AN24: SUMBER REJEKI | AO24: Tuan Suhanda | AP24: 2
A25: TJourneyPlan | B25: R21 | C25: ID GREATER JAKARTA REGION | D25: R21 | E25: ID GREATER JAKARTA REGION | F25: R21-05 | G25: ID Bekasi Area | H25: R21-05 | I25: ID Bekasi Area | J25: R21-05-01 | K25: ID Bekasi Area | N25: 1887881 | O25: PT Bintang Bunut | P25: MTS001 | Q25: Ajeng | R25: Taking Order | S25: W | T25: MTS001 | U25: MTS001 | V25: 7 | W25: 590 | X25: 15ASOC1001 | Y25: 1887881#15ASOC1001 | Z25: NAGA KAHFI | AA25: 1502 | AB25: Supermarket | AC25: 150202 | AD25: Supermarket Local | AE25: Uncategorized | AF25: Jl Moh Kahfi 1 No125 RT4RW4 Cipedak Kec, Jagakarsa Kota Jakarta Selatan Daerah Khusus Ibu, kota Jakarta 12630 Indonesia | AG25: 0 | AH25: -6.3465917 | AI25: 106.80297 | AL25: ="0001887881_"&AM25 -> 0001887881_10118 | AM25: 10118 | AN25: TOKO DEDI | AO25: Abdul | AP25: 5
A26: TJourneyPlan | B26: R21 | C26: ID GREATER JAKARTA REGION | D26: R21 | E26: ID GREATER JAKARTA REGION | F26: R21-05 | G26: ID Bekasi Area | H26: R21-05 | I26: ID Bekasi Area | J26: R21-05-01 | K26: ID Bekasi Area | N26: 1887881 | O26: PT Bintang Bunut | P26: MTS001 | Q26: Ajeng | R26: Taking Order | S26: W | T26: MTS001 | U26: MTS001 | V26: 7 | W26: 40 | X26: 17ASNQ1006 | Y26: 1887881#17ASNQ1006 | Z26: TOKO BAHAN KUE NJT | AA26: 1715 | AB26: Institution and Entertaiment | AC26: 171504 | AD26: Horeca | AE26: Uncategorized | AF26: Jl Nusantara Raya RT001RW011 Harapan Baru K, ec Bekasi Utara Kota Bks Jawa Barat 17121 Indo, nesia | AG26: 0 | AH26: -6.20892 | AI26: 107.02154 | AL26: ="0001887881_"&AM26 -> 0001887881_10131 | AM26: 10131 | AN26: TOKO MULIA | AO26: Tuan Suhanda | AP26: 2
A27: TJourneyPlan | B27: R21 | C27: ID GREATER JAKARTA REGION | D27: R21 | E27: ID GREATER JAKARTA REGION | F27: R21-05 | G27: ID Bekasi Area | H27: R21-05 | I27: ID Bekasi Area | J27: R21-05-01 | K27: ID Bekasi Area | N27: 1887881 | O27: PT Bintang Bunut | P27: MTS001 | Q27: Ajeng | R27: Taking Order | S27: W | T27: MTS001 | U27: MTS001 | V27: 7 | W27: 70 | X27: 17ARAS1001 | Y27: 1887881#17ARAS1001 | Z27: SALAD BUAH BANG IWAN | AA27: 1714 | AB27: Mobillity | AC27: 171402 | AD27: Operator & Street stall | AE27: Uncategorized | AF27: RUKO PALLAZO BLOK R9 NO 27, CIANTRA CIKARANG SELATAN KAB BEKASI , JAWA BARAT | AG27: 0 | AH27: -6.3412599 | AI27: 107.11651 | AL27: ="0001887881_"&AM27 -> 0001887881_10132 | AM27: 10132 | AN27: TOKO DJONI | AO27: Fariq | AP27: 5
A28: TJourneyPlan | B28: R21 | C28: ID GREATER JAKARTA REGION | D28: R21 | E28: ID GREATER JAKARTA REGION | F28: R21-05 | G28: ID Bekasi Area | H28: R21-05 | I28: ID Bekasi Area | J28: R21-05-01 | K28: ID Bekasi Area | N28: 1887881 | O28: PT Bintang Bunut | P28: MTS001 | Q28: Ajeng | R28: Taking Order | S28: W | T28: MTS001 | U28: MTS001 | V28: 7 | W28: 400 | X28: 17ASNX1003 | Y28: 1887881#17ASNX1003 | Z28: KEDAI JUANDA SATU NOL LIMA | AA28: 1714 | AB28: Mobillity | AC28: 171402 | AD28: Operator & Street stall | AE28: Uncategorized | AF28: Margahayu Kec Bekasi Tim Kota Bks Jawa Barat, Indonesia | AG28: 0 | AH28: -6.24446 | AI28: 107.00675 | AL28: ="0001887881_"&AM28 -> 0001887881_10139 | AM28: 10139 | AN28: TOKO GANGSAR | AO28: Tuan Suhanda | AP28: 3
A29: TJourneyPlan | B29: R21 | C29: ID GREATER JAKARTA REGION | D29: R21 | E29: ID GREATER JAKARTA REGION | F29: R21-05 | G29: ID Bekasi Area | H29: R21-05 | I29: ID Bekasi Area | J29: R21-05-01 | K29: ID Bekasi Area | N29: 1887881 | O29: PT Bintang Bunut | P29: MTS001 | Q29: Ajeng | R29: Taking Order | S29: W | T29: MTS001 | U29: MTS001 | V29: 7 | W29: 360 | X29: 16AMKN1114 | Y29: 1887881#16AMKN1114 | Z29: JUS BUAH BANG SAEP | AA29: 1714 | AB29: Mobillity | AC29: 171402 | AD29: Operator & Street stall | AE29: Uncategorized | AF29: JL RAYA NAROGONG JEMBATAN 8 | AG29: 0 | AH29: -6.3257956 | AI29: 106.99972 | AL29: ="0001887881_"&AM29 -> 0001887881_10184 | AM29: 10184 | AN29: TOKO CIRA GROSIR | AO29: Watinah Amalia | AP29: 3
... A68: TJourneyPlan | B68: R21 | C68: ID GREATER JAKARTA REGION | D68: R21 | E68: ID GREATER JAKARTA REGION | F68: R21-05 | G68: ID Bekasi Area | H68: R21-05 | I68: ID Bekasi Area | J68: R21-05-01 | K68: ID Bekasi Area | N68: 1887881 | O68: PT Bintang Bunut | P68: MTS001 | Q68: Ajeng | R68: Taking Order | S68: W | T68: MTS001 | U68: MTS001 | V68: 7 | W68: 170 | X68: 17AQSW0001 | Y68: 1887881#17AQSW0001 | Z68: DAPUR BOGA LESTARI | AA68: 1715 | AB68: Institution and Entertaiment | AC68: 171504 | AD68: Horeca | AE68: Uncategorized | AF68: JL. TRANSYOGI CILEUNGSI KEC. CILEUNGSI | AG68: 0 | AH68: -6.3983933 | AI68: 106.9592 | AL68: ="0001887881_"&AM68 -> 0001887881_161058 | AM68: 161058 | AN68: BENI | AO68: Eko Prasetyo | AP68: 2
A69: TJourneyPlan | B69: R21 | C69: ID GREATER JAKARTA REGION | D69: R21 | E69: ID GREATER JAKARTA REGION | F69: R21-05 | G69: ID Bekasi Area | H69: R21-05 | I69: ID Bekasi Area | J69: R21-05-01 | K69: ID Bekasi Area | N69: 1887881 | O69: PT Bintang Bunut | P69: MTS001 | Q69: Ajeng | R69: Taking Order | S69: W | T69: MTS001 | U69: MTS001 | V69: 5 | W69: 50 | X69: 16ASOA6498 | Y69: 1887881#16ASOA6498 | Z69: Pt Pedagang Unggul Indonesia | AA69: 1714 | AB69: Mobillity | AC69: 171401 | AD69: Canteen & cafetaria | AF69: JL UDANG RAYA 95 KAYURINGIN JAYA BEKASI SELATAN, KAYURINGIN JAYA, BEKASI SELATAN | AG69: 0 | AH69: -6.28911 | AI69: 107.03296 | AL69: ="0001887881_"&AM69 -> 0001887881_16AKRT1003 | AM69: 16AKRT1003 | AN69: TOKO FB MULYA SEJAHTERA | AO69: Watinah Amalia | AP69: 6
A70: TJourneyPlan | B70: R21 | C70: ID GREATER JAKARTA REGION | D70: R21 | E70: ID GREATER JAKARTA REGION | F70: R21-05 | G70: ID Bekasi Area | H70: R21-05 | I70: ID Bekasi Area | J70: R21-05-01 | K70: ID Bekasi Area | N70: 1887881 | O70: PT Bintang Bunut | P70: MTS001 | Q70: Ajeng | R70: Taking Order | S70: W | T70: MTS001 | U70: MTS001 | V70: 6 | W70: 50 | X70: 16ASOA6498 | Y70: 1887881#16ASOA6498 | Z70: Pt Pedagang Unggul Indonesia | AA70: 1714 | AB70: Mobillity | AC70: 171401 | AD70: Canteen & cafetaria | AF70: JL UDANG RAYA 95 KAYURINGIN JAYA BEKASI SELATAN, KAYURINGIN JAYA, BEKASI SELATAN | AG70: 0 | AH70: -6.28911 | AI70: 107.03296 | AL70: ="0001887881_"&AM70 -> 0001887881_16AKRT1004 | AM70: 16AKRT1004 | AN70: TOKO RIZKY JAYA ASSUN | AO70: Watinah Amalia | AP70: 6
A71: TJourneyPlan | B71: R21 | C71: ID GREATER JAKARTA REGION | D71: R21 | E71: ID GREATER JAKARTA REGION | F71: R21-05 | G71: ID Bekasi Area | H71: R21-05 | I71: ID Bekasi Area | J71: R21-05-01 | K71: ID Bekasi Area | N71: 1887881 | O71: PT Bintang Bunut | P71: MTS001 | Q71: Ajeng | R71: Taking Order | S71: W | T71: MTS001 | U71: MTS001 | V71: 1 | W71: 100 | X71: 16ASOA6498 | Y71: 1887881#16ASOA6498 | Z71: Pt Pedagang Unggul Indonesia | AA71: 1714 | AB71: Mobillity | AC71: 171401 | AD71: Canteen & cafetaria | AF71: JL UDANG RAYA 95 KAYURINGIN JAYA BEKASI SELATAN, KAYURINGIN JAYA, BEKASI SELATAN | AG71: 0 | AH71: -6.28911 | AI71: 107.03296 | AL71: ="0001887881_"&AM71 -> 0001887881_16AKRT1005 | AM71: 16AKRT1005 | AN71: TOKO DIAN FROZEN | AO71: Watinah Amalia | AP71: 6
A72: TJourneyPlan | B72: R21 | C72: ID GREATER JAKARTA REGION | D72: R21 | E72: ID GREATER JAKARTA REGION | F72: R21-05 | G72: ID Bekasi Area | H72: R21-05 | I72: ID Bekasi Area | J72: R21-05-01 | K72: ID Bekasi Area | N72: 1887881 | O72: PT Bintang Bunut | P72: MTS001 | Q72: Ajeng | R72: Taking Order | S72: W | T72: MTS001 | U72: MTS001 | V72: 3 | W72: 220 | X72: 16ASOA6498 | Y72: 1887881#16ASOA6498 | Z72: Pt Pedagang Unggul Indonesia | AA72: 1714 | AB72: Mobillity | AC72: 171401 | AD72: Canteen & cafetaria | AF72: JL UDANG RAYA 95 KAYURINGIN JAYA BEKASI SELATAN, KAYURINGIN JAYA, BEKASI SELATAN | AG72: 0 | AH72: -6.28911 | AI72: 107.03296 | AL72: ="0001887881_"&AM72 -> 0001887881_16AKRT1007 | AM72: 16AKRT1007 | AN72: TOKO APOTIK AYAH | AO72: Watinah Amalia | AP72: 6
A73: TJourneyPlan | B73: R21 | C73: ID GREATER JAKARTA REGION | D73: R21 | E73: ID GREATER JAKARTA REGION | F73: R21-05 | G73: ID Bekasi Area | H73: R21-05 | I73: ID Bekasi Area | J73: R21-05-01 | K73: ID Bekasi Area | N73: 1887881 | O73: PT Bintang Bunut | P73: MTS001 | Q73: Ajeng | R73: Taking Order | S73: W | T73: MTS001 | U73: MTS001 | V73: 4 | W73: 360 | X73: 16ASOA6498 | Y73: 1887881#16ASOA6498 | Z73: Pt Pedagang Unggul Indonesia | AA73: 1714 | AB73: Mobillity | AC73: 171401 | AD73: Canteen & cafetaria | AF73: JL UDANG RAYA 95 KAYURINGIN JAYA BEKASI SELATAN, KAYURINGIN JAYA, BEKASI SELATAN | AG73: 0 | AH73: -6.28911 | AI73: 107.03296 | AL73: ="0001887881_"&AM73 -> 0001887881_16AKRT1010 | AM73: 16AKRT1010 | AN73: TOKO ELSA TARUMAJAYA | AO73: Watinah Amalia | AP73: 6
A74: TJourneyPlan | B74: R21 | C74: ID GREATER JAKARTA REGION | D74: R21 | E74: ID GREATER JAKARTA REGION | F74: R21-05 | G74: ID Bekasi Area | H74: R21-05 | I74: ID Bekasi Area | J74: R21-05-01 | K74: ID Bekasi Area | N74: 1887881 | O74: PT Bintang Bunut | P74: MTS001 | Q74: Ajeng | R74: Taking Order | S74: W | T74: MTS001 | U74: MTS001 | V74: 2 | W74: 390 | X74: 16ASOA6498 | Y74: 1887881#16ASOA6498 | Z74: Pt Pedagang Unggul Indonesia | AA74: 1714 | AB74: Mobillity | AC74: 171401 | AD74: Canteen & cafetaria | AF74: JL UDANG RAYA 95 KAYURINGIN JAYA BEKASI SELATAN, KAYURINGIN JAYA, BEKASI SELATAN | AG74: 0 | AH74: -6.28911 | AI74: 107.03296 | AL74: ="0001887881_"&AM74 -> 0001887881_16AKRX1001 | AM74: 16AKRX1001 | AN74: TOKO DIORY | AO74: Fariq | AP74: 5
A75: TJourneyPlan | B75: R21 | C75: ID GREATER JAKARTA REGION | D75: R21 | E75: ID GREATER JAKARTA REGION | F75: R21-05 | G75: ID Bekasi Area | H75: R21-05 | I75: ID Bekasi Area | J75: R21-05-01 | K75: ID Bekasi Area | N75: 1887881 | O75: PT Bintang Bunut | P75: MTS001 | Q75: Ajeng | R75: Taking Order | S75: W | T75: MTS001 | U75: MTS001 | V75: 7 | W75: 250 | X75: 17ASNT1012 | Y75: 1887881#17ASNT1012 | Z75: INTERAKSI SPACE GOLDEN CITY | AA75: 1715 | AB75: Institution and Entertaiment | AC75: 171504 | AD75: Horeca | AE75: Uncategorized | AF75: JL LINGKAR UTARA RT008 RW007 TELUK PUCUNG BEKASI, UTARA, BEKASI UTARA | AG75: 0 | AH75: -6.209007 | AI75: 107.02323 | AL75: ="0001887881_"&AM75 -> 0001887881_16AKRX1004 | AM75: 16AKRX1004 | AN75: TOKO KEKE FROZEN | AO75: Watinah Amalia | AP75: 6
A76: TJourneyPlan | B76: R21 | C76: ID GREATER JAKARTA REGION | D76: R21 | E76: ID GREATER JAKARTA REGION | F76: R21-05 | G76: ID Bekasi Area | H76: R21-05 | I76: ID Bekasi Area | J76: R21-05-01 | K76: ID Bekasi Area | N76: 1887881 | O76: PT Bintang Bunut | P76: MTS001 | Q76: Ajeng | R76: Taking Order | S76: W | T76: MTS001 | U76: MTS001 | V76: 7 | W76: 260 | X76: 17ASNS4329 | Y76: 1887881#17ASNS4329 | Z76: SUSHI MOY SUMMARECON | AA76: 1714 | AB76: Mobillity | AC76: 171402 | AD76: Operator & Street stall | AE76: Uncategorized | AF76: RUKO CRYSTAL BLOK ND NO23, KOTA BEKASI | AG76: 0 | AH76: -6.22792 | AI76: 106.9961 | AL76: ="0001887881_"&AM76 -> 0001887881_16AKRY1001 | AM76: 16AKRY1001 | AN76: TOKO HAMADEAN | AO76: Watinah Amalia | AP76: 6
A77: TJourneyPlan | B77: R21 | C77: ID GREATER JAKARTA REGION | D77: R21 | E77: ID GREATER JAKARTA REGION | F77: R21-05 | G77: ID Bekasi Area | H77: R21-05 | I77: ID Bekasi Area | J77: R21-05-01 | K77: ID Bekasi Area | N77: 1887881 | O77: PT Bintang Bunut | P77: MTS001 | Q77: Ajeng | R77: Taking Order | S77: W | T77: MTS001 | U77: MTS001 | V77: 7 | W77: 460 | X77: 16ASNZ8597 | Y77: 1887881#16ASNZ8597 | Z77: PT MITLOIN GLOBAL GROUP | AA77: 1602 | AB77: Provision | AC77: 160207 | AD77: Small Provision | AE77: Uncategorized | AF77: RUKO SENTRAL NIAGA BOULEVERD NO 31A RT001 RW002, JAKA SETIA, BEKASI SELATAN | AG77: 0 | AH77: -6.27534 | AI77: 106.97335 | AL77: ="0001887881_"&AM77 -> 0001887881_16AKRY1002 | AM77: 16AKRY1002 | AN77: TOKO YONO DUA | AO77: Watinah Amalia | AP77: 4
A78: TJourneyPlan | B78: R21 | C78: ID GREATER JAKARTA REGION | D78: R21 | E78: ID GREATER JAKARTA REGION | F78: R21-05 | G78: ID Bekasi Area | H78: R21-05 | I78: ID Bekasi Area | J78: R21-05-01 | K78: ID Bekasi Area | N78: 1887881 | O78: PT Bintang Bunut | P78: MTS001 | Q78: Ajeng | R78: Taking Order | S78: W | T78: MTS001 | U78: MTS001 | V78: 7 | W78: 370 | X78: 16ARAU1493 | Y78: 1887881#16ARAU1493 | Z78: KARYAWAN BUKIT MURIA JAYA | AA78: 1715 | AB78: Institution and Entertaiment | AC78: 171510 | AD78: Business & Government | AE78: Uncategorized | AF78: DEKAT PURWADANA TELUK JAMBE TIMUR KARAWANG, TELUK JAMBE TIMUR, KARAWANG | AG78: 0 | AH78: -6.29832 | AI78: 107.272 | AL78: ="0001887881_"&AM78 -> 0001887881_16AKRY1004 | AM78: 16AKRY1004 | AN78: TOKO FADHILAH DUA BELAS | AO78: Watinah Amalia | AP78: 6
A79: TJourneyPlan | B79: R21 | C79: ID GREATER JAKARTA REGION | D79: R21 | E79: ID GREATER JAKARTA REGION | F79: R21-05 | G79: ID Bekasi Area | H79: R21-05 | I79: ID Bekasi Area | J79: R21-05-01 | K79: ID Bekasi Area | N79: 1887881 | O79: PT Bintang Bunut | P79: MTS001 | Q79: Ajeng | R79: Taking Order | S79: W | T79: MTS001 | U79: MTS001 | V79: 7 | W79: 10 | X79: 16ASNT5263 | Y79: 1887881#16ASNT5263 | Z79: PT BERKAH ARETHA PERTAMA | AA79: 1715 | AB79: Institution and Entertaiment | AC79: 171510 | AD79: Business & Government | AE79: Uncategorized | AF79: MEDAN SATRIA RT004 RW008, UJUNG MENTENG | AG79: 0 | AH79: -6.193311 | AI79: 107.01221 | AL79: ="0001887881_"&AM79 -> 0001887881_16AKRY1006 | AM79: 16AKRY1006 | AN79: TOKO APOTIK MIKA FARMA | AO79: Watinah Amalia | AP79: 6
A80: TJourneyPlan | B80: R21 | C80: ID GREATER JAKARTA REGION | D80: R21 | E80: ID GREATER JAKARTA REGION | F80: R21-05 | G80: ID Bekasi Area | H80: R21-05 | I80: ID Bekasi Area | J80: R21-05-01 | K80: ID Bekasi Area | N80: 1887881 | O80: PT Bintang Bunut | P80: MTS001 | Q80: Ajeng | R80: Taking Order | S80: W | T80: MTS001 | U80: MTS001 | V80: 7 | W80: 390 | X80: 17ARBL1145 | Y80: 1887881#17ARBL1145 | Z80: THAI TEA DOM DOM | AA80: 1714 | AB80: Mobillity | AC80: 171402 | AD80: Operator & Street stall | AE80: Uncategorized | AF80: Jalan Raya Rawa Banteng Kp Rawa Banteng, MEKAR WANGI, CIKARANG BARAT | AG80: 0 | AH80: -6.3149284 | AI80: 107.06977 | AL80: ="0001887881_"&AM80 -> 0001887881_16AKRY1009 | AM80: 16AKRY1009 | AN80: TOKO DAHLAN | AO80: Watinah Amalia | AP80: 6
A81: TJourneyPlan | B81: R21 | C81: ID GREATER JAKARTA REGION | D81: R21 | E81: ID GREATER JAKARTA REGION | F81: R21-05 | G81: ID Bekasi Area | H81: R21-05 | I81: ID Bekasi Area | J81: R21-05-01 | K81: ID Bekasi Area | N81: 1887881 | O81: PT Bintang Bunut | P81: MTS001 | Q81: Ajeng | R81: Taking Order | S81: W | T81: MTS001 | U81: MTS001 | V81: 7 | W81: 640 | X81: 16AMNN3621 | Y81: 1887881#16AMNN3621 | Z81: PT BERKAH BANDUNG OPS | AA81: 1602 | AB81: Provision | AC81: 160206 | AD81: Big Provision | AE81: Uncategorized | AF81: GEDUNG HQUARTERS BANDUNG LT6 UNIT 6K, JL ASIA AFRIKA RT001 RW001 PALEDANG, LEKONG | AG81: 0 | AH81: -6.356937 | AI81: 107.35145 | AL81: ="0001887881_"&AM81 -> 0001887881_16AKRZ1001 | AM81: 16AKRZ1001 | AN81: TOKO APOTIK H DUA G FARMA | AO81: Watinah Amalia | AP81: 6
A82: TJourneyPlan | B82: R21 | C82: ID GREATER JAKARTA REGION | D82: R21 | E82: ID GREATER JAKARTA REGION | F82: R21-05 | G82: ID Bekasi Area | H82: R21-05 | I82: ID Bekasi Area | J82: R21-05-01 | K82: ID Bekasi Area | N82: 1887881 | O82: PT Bintang Bunut | P82: MTS001 | Q82: Ajeng | R82: Taking Order | S82: W | T82: MTS001 | U82: MTS001 | V82: 1 | W82: 140 | X82: 16APFP1068 | Y82: 1887881#16APFP1068 | Z82: TOKO PANJI | AA82: 1602 | AB82: Provision | AC82: 160207 | AD82: Small Provision | AE82: Uncategorized | AF82: gg h nausin jati asih jati kramat | AG82: 0 | AH82: -6.2738175 | AI82: 106.94332 | AL82: ="0001887881_"&AM82 -> 0001887881_16AKRZ1002 | AM82: 16AKRZ1002 | AN82: TOKO BAROKAH DENNY | AO82: Watinah Amalia | AP82: 6
A83: TJourneyPlan | B83: R21 | C83: ID GREATER JAKARTA REGION | D83: R21 | E83: ID GREATER JAKARTA REGION | F83: R21-05 | G83: ID Bekasi Area | H83: R21-05 | I83: ID Bekasi Area | J83: R21-05-01 | K83: ID Bekasi Area | N83: 1887881 | O83: PT Bintang Bunut | P83: MTS001 | Q83: Ajeng | R83: Taking Order | S83: W | T83: MTS001 | U83: MTS001 | V83: 1 | W83: 150 | X83: 17AMKN1015 | Y83: 1887881#17AMKN1015 | Z83: TEMAN NONGKRONG LUIRNA | AA83: 1714 | AB83: Mobillity | AC83: 171401 | AD83: Canteen & cafetaria | AE83: Uncategorized | AF83: jl kapin raya jatibening pondok gede | AG83: 0 | AH83: -6.2558352 | AI83: 106.92988 | AL83: ="0001887881_"&AM83 -> 0001887881_16AKRZ1004 | AM83: 16AKRZ1004 | AN83: ALMIRA JAYA MANDIRI | AO83: Watinah Amalia | AP83: 6
A84: TJourneyPlan | B84: R21 | C84: ID GREATER JAKARTA REGION | D84: R21 | E84: ID GREATER JAKARTA REGION | F84: R21-05 | G84: ID Bekasi Area | H84: R21-05 | I84: ID Bekasi Area | J84: R21-05-01 | K84: ID Bekasi Area | N84: 1887881 | O84: PT Bintang Bunut | P84: MTS001 | Q84: Ajeng | R84: Taking Order | S84: W | T84: MTS001 | U84: MTS001 | V84: 5 | W84: 140 | X84: 16APFO2590 | Y84: 1887881#16APFO2590 | Z84: TOKO TIKA | AA84: 1602 | AB84: Provision | AC84: 160207 | AD84: Small Provision | AE84: Uncategorized | AF84: jl vila jatirasa jati asih | AG84: 0 | AH84: -6.3052454 | AI84: 106.95614 | AL84: ="0001887881_"&AM84 -> 0001887881_16AKRZ1005 | AM84: 16AKRZ1005 | AN84: TOKO ASHEEQA FROZEN | AO84: Watinah Amalia | AP84: 6
A85: TJourneyPlan | B85: R21 | C85: ID GREATER JAKARTA REGION | D85: R21 | E85: ID GREATER JAKARTA REGION | F85: R21-05 | G85: ID Bekasi Area | H85: R21-05 | I85: ID Bekasi Area | J85: R21-05-01 | K85: ID Bekasi Area | N85: 1887881 | O85: PT Bintang Bunut | P85: MTS001 | Q85: Ajeng | R85: Taking Order | S85: W | T85: MTS001 | U85: MTS001 | V85: 5 | W85: 130 | X85: 16ASNZ8600 | Y85: 1887881#16ASNZ8600 | Z85: TOKO PURNAMA | AA85: 1602 | AB85: Provision | AC85: 160207 | AD85: Small Provision | AE85: Uncategorized | AF85: jl pulo sirih raya jaka setia | AG85: 0 | AH85: -6.2650832 | AI85: 106.97095 | AL85: ="0001887881_"&AM85 -> 0001887881_16AKWU1003 | AM85: 16AKWU1003 | AN85: TOKO MAKMUR SENTOSA | AO85: Watinah Amalia | AP85: 5
A86: TJourneyPlan | B86: R21 | C86: ID GREATER JAKARTA REGION | D86: R21 | E86: ID GREATER JAKARTA REGION | F86: R21-05 | G86: ID Bekasi Area | H86: R21-05 | I86: ID Bekasi Area | J86: R21-05-01 | K86: ID Bekasi Area | N86: 1887881 | O86: PT Bintang Bunut | P86: MTS001 | Q86: Ajeng | R86: Taking Order | S86: W | T86: MTS001 | U86: MTS001 | V86: 3 | W86: 370 | X86: 16ANLW4375 | Y86: 1887881#16ANLW4375 | Z86: TOKO UMAR FIRDAUS | AA86: 1602 | AB86: Provision | AC86: 160207 | AD86: Small Provision | AE86: Uncategorized | AF86: jl mutiara gading timur | AG86: 0 | AH86: -6.2805919 | AI86: 107.02855 | AL86: ="0001887881_"&AM86 -> 0001887881_16AKWU1007 | AM86: 16AKWU1007 | AN86: TOKO LEO SNACK | AO86: Akbar Sobirin | AP86: 1
... A92: TJourneyPlan | B92: R21 | C92: ID GREATER JAKARTA REGION | D92: R21 | E92: ID GREATER JAKARTA REGION | F92: R21-05 | G92: ID Bekasi Area | H92: R21-05 | I92: ID Bekasi Area | J92: R21-05-01 | K92: ID Bekasi Area | N92: 1887881 | O92: PT Bintang Bunut | P92: MTS001 | Q92: Ajeng | R92: Taking Order | S92: W | T92: MTS001 | U92: MTS001 | V92: 5 | W92: 150 | X92: 16APFO2591 | Y92: 1887881#16APFO2591 | Z92: TOKO IBU SITI AISYAH | AA92: 1602 | AB92: Provision | AC92: 160207 | AD92: Small Provision | AE92: Uncategorized | AF92: jl wibawa mukti 2 | AG92: 0 | AH92: -6.3063041 | AI92: 106.95602 | AL92: ="0001887881_"&AM92 -> 0001887881_16AKWU1078 | AM92: 16AKWU1078 | AN92: TOKO UMMU MART DUA | AO92: Akbar Sobirin | AP92: 1
A93: TJourneyPlan | B93: R21 | C93: ID GREATER JAKARTA REGION | D93: R21 | E93: ID GREATER JAKARTA REGION | F93: R21-05 | G93: ID Bekasi Area | H93: R21-05 | I93: ID Bekasi Area | J93: R21-05-01 | K93: ID Bekasi Area | N93: 1887881 | O93: PT Bintang Bunut | P93: SMC001 | Q93: Watinah Amalia | R93: Taking Order | S93: W | T93: SMC001-F2 | U93: SMC001-F2 | V93: 6 | W93: 420 | X93: 10076 | Y93: 1887881#10076 | Z93: TOKO DIAN PLASTIK | AA93: 1602 | AB93: Provision | AC93: 160207 | AD93: Small Provision | AE93: Uncategorized | AF93: JL KAMPUNG TIKUNGAN PERUMAHAN RESIDENCE | AG93: 0 | AH93: -6.1159252 | AI93: 107.0056 | AL93: ="0001887881_"&AM93 -> 0001887881_16AKWU1079 | AM93: 16AKWU1079 | AN93: TOKO LIMA | AO93: Akbar Sobirin | AP93: 1
A94: TJourneyPlan | B94: R21 | C94: ID GREATER JAKARTA REGION | D94: R21 | E94: ID GREATER JAKARTA REGION | F94: R21-05 | G94: ID Bekasi Area | H94: R21-05 | I94: ID Bekasi Area | J94: R21-05-01 | K94: ID Bekasi Area | N94: 1887881 | O94: PT Bintang Bunut | P94: SMC001 | Q94: Watinah Amalia | R94: Taking Order | S94: W | T94: SMC001-F2 | U94: SMC001-F2 | V94: 3 | W94: 250 | X94: 10184 | Y94: 1887881#10184 | Z94: TOKO CIRA GROSIR | AA94: 1602 | AB94: Provision | AC94: 160207 | AD94: Small Provision | AE94: Uncategorized | AF94: PERUM BTR JL FLAMINGGO 7 BLOK F8 NO22 | AG94: 0 | AH94: -6.3259163 | AI94: 107.01884 | AL94: ="0001887881_"&AM94 -> 0001887881_16AKWU3264 | AM94: 16AKWU3264 | AN94: TOKO RINJANI | AO94: Akbar Sobirin | AP94: 1
A95: TJourneyPlan | B95: R21 | C95: ID GREATER JAKARTA REGION | D95: R21 | E95: ID GREATER JAKARTA REGION | F95: R21-05 | G95: ID Bekasi Area | H95: R21-05 | I95: ID Bekasi Area | J95: R21-05-01 | K95: ID Bekasi Area | N95: 1887881 | O95: PT Bintang Bunut | P95: SMC001 | Q95: Watinah Amalia | R95: Taking Order | S95: W | T95: SMC001-F2 | U95: SMC001-F2 | V95: 4 | W95: 250 | X95: 10217 | Y95: 1887881#10217 | Z95: TOKO AULIA EMPAT | AA95: 1602 | AB95: Provision | AC95: 160207 | AD95: Small Provision | AE95: Uncategorized | AF95: JL RUKO VILLA PEKAYON NO 23, KEL PEKAYON JAYA, KEC BEKASI SELATAN | AG95: 0 | AH95: -6.259408 | AI95: 106.98105 | AL95: ="0001887881_"&AM95 -> 0001887881_16AKWU3265 | AM95: 16AKWU3265 | AN95: toko sembako madani | AO95: Akbar Sobirin | AP95: 1
A96: TJourneyPlan | B96: R21 | C96: ID GREATER JAKARTA REGION | D96: R21 | E96: ID GREATER JAKARTA REGION | F96: R21-05 | G96: ID Bekasi Area | H96: R21-05 | I96: ID Bekasi Area | J96: R21-05-01 | K96: ID Bekasi Area | N96: 1887881 | O96: PT Bintang Bunut | P96: SMC001 | Q96: Watinah Amalia | R96: Taking Order | S96: W | T96: SMC001-F2 | U96: SMC001-F2 | V96: 3 | W96: 450 | X96: 16AKXE1002 | Y96: 1887881#16AKXE1002 | Z96: TOKO RAHMA | AA96: 1602 | AB96: Provision | AC96: 160207 | AD96: Small Provision | AE96: Uncategorized | AF96: Jl Mustika Jaya No3 RT001RW5 Lambangsari K ec Tamb, un Sel Kabupaten Bekasi Jawa Barat 1751 0 Indonesi, a | AG96: 0 | AH96: -6.2814234 | AI96: 107.03807 | AL96: ="0001887881_"&AM96 -> 0001887881_16AKWU3266 | AM96: 16AKWU3266 | AN96: toko ono | AO96: Akbar Sobirin | AP96: 1
A97: TJourneyPlan | B97: R21 | C97: ID GREATER JAKARTA REGION | D97: R21 | E97: ID GREATER JAKARTA REGION | F97: R21-05 | G97: ID Bekasi Area | H97: R21-05 | I97: ID Bekasi Area | J97: R21-05-01 | K97: ID Bekasi Area | N97: 1887881 | O97: PT Bintang Bunut | P97: SMC001 | Q97: Watinah Amalia | R97: Taking Order | S97: W | T97: SMC001-F1 | U97: SMC001-F1 | V97: 5 | W97: 280 | X97: 16AMDR0001 | Y97: 1887881#16AMDR0001 | Z97: TOKO L FROZEN DUA | AA97: 1602 | AB97: Provision | AC97: 160207 | AD97: Small Provision | AE97: Uncategorized | AF97: Blok Ca No60 Jl Graha Prima Raya Mangunjaya K, ec Tambun Sel Kabupaten Bekasi Jawa Barat 1751, 0 Indonesia | AG97: 0 | AH97: -6.2212579 | AI97: 107.06042 | AL97: ="0001887881_"&AM97 -> 0001887881_16AKWV1003 | AM97: 16AKWV1003 | AN97: TOKO SIMAS | AO97: Watinah Amalia | AP97: 2
A98: TJourneyPlan | B98: R21 | C98: ID GREATER JAKARTA REGION | D98: R21 | E98: ID GREATER JAKARTA REGION | F98: R21-05 | G98: ID Bekasi Area | H98: R21-05 | I98: ID Bekasi Area | J98: R21-05-01 | K98: ID Bekasi Area | N98: 1887881 | O98: PT Bintang Bunut | P98: SMC001 | Q98: Watinah Amalia | R98: Taking Order | S98: W | T98: SMC001-F1 | U98: SMC001-F1 | V98: 5 | W98: 140 | X98: 16AMDR0004 | Y98: 1887881#16AMDR0004 | Z98: TOKO ALDI KABAN DUA | AA98: 1602 | AB98: Provision | AC98: 160207 | AD98: Small Provision | AE98: Uncategorized | AF98: PERUM BEKASI ELOK 2 JEJALENJAYA, TAMBUN UTARA | AG98: 0 | AH98: -6.2100233 | AI98: 107.0711 | AL98: ="0001887881_"&AM98 -> 0001887881_16AKWV1005 | AM98: 16AKWV1005 | AN98: TOKO MENARA DUA GROSIR | AO98: Watinah Amalia | AP98: 2
A99: TJourneyPlan | B99: R21 | C99: ID GREATER JAKARTA REGION | D99: R21 | E99: ID GREATER JAKARTA REGION | F99: R21-05 | G99: ID Bekasi Area | H99: R21-05 | I99: ID Bekasi Area | J99: R21-05-01 | K99: ID Bekasi Area | N99: 1887881 | O99: PT Bintang Bunut | P99: SMC001 | Q99: Watinah Amalia | R99: Taking Order | S99: W | T99: SMC001-F1 | U99: SMC001-F1 | V99: 5 | W99: 150 | X99: 16AMKK0001 | Y99: 1887881#16AMKK0001 | Z99: TOKO FAMILI | AA99: 1602 | AB99: Provision | AC99: 160207 | AD99: Small Provision | AE99: Uncategorized | AF99: JL GADING RAYA KEL MEKAR SARI, KEC TAMBUN SELATAN | AG99: 0 | AH99: -6.2539008 | AI99: 107.05957 | AL99: ="0001887881_"&AM99 -> 0001887881_16AKWV1008 | AM99: 16AKWV1008 | AN99: TOKO LARIS TIGA | AO99: Fariq | AP99: 1
A100: TJourneyPlan | B100: R21 | C100: ID GREATER JAKARTA REGION | D100: R21 | E100: ID GREATER JAKARTA REGION | F100: R21-05 | G100: ID Bekasi Area | H100: R21-05 | I100: ID Bekasi Area | J100: R21-05-01 | K100: ID Bekasi Area | N100: 1887881 | O100: PT Bintang Bunut | P100: SMC001 | Q100: Watinah Amalia | R100: Taking Order | S100: W | T100: SMC001-F1 | U100: SMC001-F1 | V100: 1 | W100: 0 | X100: 16AMKL0007 | Y100: 1887881#16AMKL0007 | Z100: TOKO PELANGI | AA100: 1602 | AB100: Provision | AC100: 160207 | AD100: Small Provision | AE100: Uncategorized | AF100: JL UJUNG HARAPAN NO 1 SAMPING GG TAUFIK, KEL BAHAGIA KEC BABELAN DEPAN TOKO BANGUNAN | AG100: 0 | AH100: -6.1896113 | AI100: 107.01221 | AL100: ="0001887881_"&AM100 -> 0001887881_16AKWV1009 | AM100: 16AKWV1009 | AN100: TOKO ENO | AO100: Abdul | AP100: 2
A101: TJourneyPlan | B101: R21 | C101: ID GREATER JAKARTA REGION | D101: R21 | E101: ID GREATER JAKARTA REGION | F101: R21-05 | G101: ID Bekasi Area | H101: R21-05 | I101: ID Bekasi Area | J101: R21-05-01 | K101: ID Bekasi Area | N101: 1887881 | O101: PT Bintang Bunut | P101: SMC001 | Q101: Watinah Amalia | R101: Taking Order | S101: W | T101: SMC001-F1 | U101: SMC001-F1 | V101: 4 | W101: 450 | X101: 16AMKL0009 | Y101: 1887881#16AMKL0009 | Z101: TOKO ANDIS | AA101: 1602 | AB101: Provision | AC101: 160207 | AD101: Small Provision | AE101: Uncategorized | AF101: JL TAMAN HARAPAN BARU RT002023, PEJUANG KEC MEDANG SATRIA | AG101: 0 | AH101: -6.1776409 | AI101: 106.99863 | AL101: ="0001887881_"&AM101 -> 0001887881_16AKWV1014 | AM101: 16AKWV1014 | AN101: TOKO DERAS | AO101: Watinah Amalia | AP101: 2
A102: TJourneyPlan | B102: R21 | C102: ID GREATER JAKARTA REGION | D102: R21 | E102: ID GREATER JAKARTA REGION | F102: R21-05 | G102: ID Bekasi Area | H102: R21-05 | I102: ID Bekasi Area | J102: R21-05-01 | K102: ID Bekasi Area | N102: 1887881 | O102: PT Bintang Bunut | P102: SMC001 | Q102: Watinah Amalia | R102: Taking Order | S102: W | T102: SMC001-F1 | U102: SMC001-F1 | V102: 4 | W102: 460 | X102: 16AMKL0010 | Y102: 1887881#16AMKL0010 | Z102: TOKO SAMUDRA | AA102: 1602 | AB102: Provision | AC102: 160207 | AD102: Small Provision | AE102: Uncategorized | AF102: Jl Taman Harapan Baru Blok Taman Alamanda 1 No69, RT007RW026 Pejuang Kecamatan Medan Satria, Kota Bks Jawa Barat 17125 Indonesia | AG102: 0 | AH102: -6.1787539 | AI102: 106.99548 | AL102: ="0001887881_"&AM102 -> 0001887881_16AKWV1015 | AM102: 16AKWV1015 | AN102: TOKO DAIRY LANCAR | AO102: Fariq | AP102: 1
A103: TJourneyPlan | B103: R21 | C103: ID GREATER JAKARTA REGION | D103: R21 | E103: ID GREATER JAKARTA REGION | F103: R21-05 | G103: ID Bekasi Area | H103: R21-05 | I103: ID Bekasi Area | J103: R21-05-01 | K103: ID Bekasi Area | N103: 1887881 | O103: PT Bintang Bunut | P103: SMC001 | Q103: Watinah Amalia | R103: Taking Order | S103: W | T103: SMC001-F1 | U103: SMC001-F1 | V103: 4 | W103: 120 | X103: 16AMKL0012 | Y103: 1887881#16AMKL0012 | Z103: TOKO AWI PEJUANG | AA103: 1602 | AB103: Provision | AC103: 160207 | AD103: Small Provision | AE103: Uncategorized | AF103: JL PEJUANG JAYA RT004008 PEJUANG, MEDAN SATRIA | AG103: 0 | AH103: -6.1797546 | AI103: 106.99145 | AL103: ="0001887881_"&AM103 -> 0001887881_16AKWV1021 | AM103: 16AKWV1021 | AN103: TOKO FERDI | AO103: Fariq | AP103: 1
A104: TJourneyPlan | B104: R21 | C104: ID GREATER JAKARTA REGION | D104: R21 | E104: ID GREATER JAKARTA REGION | F104: R21-05 | G104: ID Bekasi Area | H104: R21-05 | I104: ID Bekasi Area | J104: R21-05-01 | K104: ID Bekasi Area | N104: 1887881 | O104: PT Bintang Bunut | P104: SMC001 | Q104: Watinah Amalia | R104: Taking Order | S104: W | T104: SMC001-F1 | U104: SMC001-F1 | V104: 4 | W104: 470 | X104: 16AMKL0013 | Y104: 1887881#16AMKL0013 | Z104: TOKO YONO | AA104: 1602 | AB104: Provision | AC104: 160207 | AD104: Small Provision | AE104: Uncategorized | AF104: JL PERINTIS 0 RT006008 NO 429 B, PEJUANG BEKASI BARAT 085319930175 | AG104: 0 | AH104: -6.1772523 | AI104: 106.99116 | AL104: ="0001887881_"&AM104 -> 0001887881_16AKWV1030 | AM104: 16AKWV1030 | AN104: TOKO HENDI | AO104: Fariq | AP104: 4
A105: TJourneyPlan | B105: R21 | C105: ID GREATER JAKARTA REGION | D105: R21 | E105: ID GREATER JAKARTA REGION | F105: R21-05 | G105: ID Bekasi Area | H105: R21-05 | I105: ID Bekasi Area | J105: R21-05-01 | K105: ID Bekasi Area | N105: 1887881 | O105: PT Bintang Bunut | P105: SMC001 | Q105: Watinah Amalia | R105: Taking Order | S105: W | T105: SMC001-F1 | U105: SMC001-F1 | V105: 4 | W105: 130 | X105: 16AMKL0014 | Y105: 1887881#16AMKL0014 | Z105: TOKO BINTANG TERANG | AA105: 1602 | AB105: Provision | AC105: 160207 | AD105: Small Provision | AE105: Uncategorized | AF105: JLBELIMBING VA 17 RT015020 PEJUANG MEDAN SATRIA | AG105: 0 | AH105: -6.1756532 | AI105: 106.98814 | AL105: ="0001887881_"&AM105 -> 0001887881_16AKWV1033 | AM105: 16AKWV1033 | AN105: TOKO OLENG JAYA | AO105: Fariq | AP105: 1
A106: TJourneyPlan | B106: R21 | C106: ID GREATER JAKARTA REGION | D106: R21 | E106: ID GREATER JAKARTA REGION | F106: R21-05 | G106: ID Bekasi Area | H106: R21-05 | I106: ID Bekasi Area | J106: R21-05-01 | K106: ID Bekasi Area | N106: 1887881 | O106: PT Bintang Bunut | P106: SMC001 | Q106: Watinah Amalia | R106: Taking Order | S106: W | T106: SMC001-F1 | U106: SMC001-F1 | V106: 4 | W106: 140 | X106: 16AMKL0015 | Y106: 1887881#16AMKL0015 | Z106: TOKO KANG MUS | AA106: 1602 | AB106: Provision | AC106: 160207 | AD106: Small Provision | AE106: Uncategorized | AF106: JL PERUMAHAN VILLA INDAH PERMAI, KELURAHAN TELUK PUCUNG | AG106: 0 | AH106: -6.1999632 | AI106: 107.02305 | AL106: ="0001887881_"&AM106 -> 0001887881_16AKWV1034 | AM106: 16AKWV1034 | AN106: TOKO BAROKAH RIZKY DUA | AO106: Fariq | AP106: 4
A107: TJourneyPlan | B107: R21 | C107: ID GREATER JAKARTA REGION | D107: R21 | E107: ID GREATER JAKARTA REGION | F107: R21-05 | G107: ID Bekasi Area | H107: R21-05 | I107: ID Bekasi Area | J107: R21-05-01 | K107: ID Bekasi Area | N107: 1887881 | O107: PT Bintang Bunut | P107: SMC001 | Q107: Watinah Amalia | R107: Taking Order | S107: W | T107: SMC001-F1 | U107: SMC001-F1 | V107: 2 | W107: 100 | X107: 16AMKL0016 | Y107: 1887881#16AMKL0016 | Z107: TOKO OCEAN FROZEN FOOD | AA107: 1602 | AB107: Provision | AC107: 160207 | AD107: Small Provision | AE107: Uncategorized | AF107: JL MUCHTAR TABRANI , KEL MARGA MULYA, KEC BEKASI UTARA | AG107: 0 | AH107: -6.2220119 | AI107: 107.00348 | AL107: ="0001887881_"&AM107 -> 0001887881_16AKWV1040 | AM107: 16AKWV1040 | AN107: TOKO BERKAH SNACK | AO107: Fariq | AP107: 5
... A121: TJourneyPlan | B121: R21 | C121: ID GREATER JAKARTA REGION | D121: R21 | E121: ID GREATER JAKARTA REGION | F121: R21-05 | G121: ID Bekasi Area | H121: R21-05 | I121: ID Bekasi Area | J121: R21-05-01 | K121: ID Bekasi Area | N121: 1887881 | O121: PT Bintang Bunut | P121: SMC001 | Q121: Watinah Amalia | R121: Taking Order | S121: W | T121: SMC001-F1 | U121: SMC001-F1 | V121: 5 | W121: 250 | X121: 16ASTH0002 | Y121: 1887881#16ASTH0002 | Z121: TOKO ARVIN MART | AA121: 1602 | AB121: Provision | AC121: 160207 | AD121: Small Provision | AE121: Uncategorized | AF121: JL KP JATIBULAK KEL JATIMULYA | AG121: 0 | AH121: -6.2585333 | AI121: 107.02339 | AL121: ="0001887881_"&AM121 -> 0001887881_16AKWX1006 | AM121: 16AKWX1006 | AN121: TOKO WIDYA KINTAMANI | AO121: Akbar Sobirin | AP121: 4
A122: TJourneyPlan | B122: R21 | C122: ID GREATER JAKARTA REGION | D122: R21 | E122: ID GREATER JAKARTA REGION | F122: R21-05 | G122: ID Bekasi Area | H122: R21-05 | I122: ID Bekasi Area | J122: R21-05-01 | K122: ID Bekasi Area | N122: 1887881 | O122: PT Bintang Bunut | P122: SMC001 | Q122: Watinah Amalia | R122: Taking Order | S122: W | T122: SMC001-F1 | U122: SMC001-F1 | V122: 1 | W122: 100 | X122: 177921 | Y122: 1887881#177921 | Z122: TOKO MURAH | AA122: 1602 | AB122: Provision | AC122: 160207 | AD122: Small Provision | AE122: Uncategorized | AF122: PERUM GREEN CITY SRIAMUR, KEL SRIAMUR, KEC TAMBUN UTARA | AG122: 0 | AH122: -6.1682106 | AI122: 107.05185 | AL122: ="0001887881_"&AM122 -> 0001887881_16AKWY0001 | AM122: 16AKWY0001 | AN122: TOKO MISTA | AO122: Al Setyah Anggun | AP122: 1
A123: TJourneyPlan | B123: R21 | C123: ID GREATER JAKARTA REGION | D123: R21 | E123: ID GREATER JAKARTA REGION | F123: R21-05 | G123: ID Bekasi Area | H123: R21-05 | I123: ID Bekasi Area | J123: R21-05-01 | K123: ID Bekasi Area | N123: 1887881 | O123: PT Bintang Bunut | P123: SMC001 | Q123: Watinah Amalia | R123: Taking Order | S123: W | T123: SMC001-F1 | U123: SMC001-F1 | V123: 5 | W123: 240 | X123: 17AKXK1001 | Y123: 1887881#17AKXK1001 | Z123: TOKO BU ETI | AA123: 1602 | AB123: Provision | AC123: 160207 | AD123: Small Provision | AE123: Uncategorized | AF123: Jl Kp Jatibulak No20-26 Jatimulya Kec Tambun, Sel Kabupaten Bekasi Jawa Barat 17510 Indones, ia | AG123: 0 | AH123: -6.2598586 | AI123: 107.02451 | AL123: ="0001887881_"&AM123 -> 0001887881_16AKWY1004 | AM123: 16AKWY1004 | AN123: TOKO ROPIKOH | AO123: Abdul | AP123: 3
A124: TJourneyPlan | B124: R21 | C124: ID GREATER JAKARTA REGION | D124: R21 | E124: ID GREATER JAKARTA REGION | F124: R21-05 | G124: ID Bekasi Area | H124: R21-05 | I124: ID Bekasi Area | J124: R21-05-01 | K124: ID Bekasi Area | N124: 1887881 | O124: PT Bintang Bunut | P124: SMC001 | Q124: Watinah Amalia | R124: Taking Order | S124: W | T124: SMC001-F2 | U124: SMC001-F2 | V124: 5 | W124: 300 | X124: 17AMKN1002 | Y124: 1887881#17AMKN1002 | Z124: TOKO ZIO | AA124: 1602 | AB124: Provision | AC124: 160207 | AD124: Small Provision | AE124: Uncategorized | AF124: PERUMAHAN BUMI SANI PERMAI KELURAHAN SETIA MEKAR, TAMBUN SELATAN | AG124: 0 | AH124: -6.2434555 | AI124: 107.0469 | AL124: ="0001887881_"&AM124 -> 0001887881_16AKWY1008 | AM124: 16AKWY1008 | AN124: TOKO WIWIN | AO124: Watinah Amalia | AP124: 1
A125: TJourneyPlan | B125: R21 | C125: ID GREATER JAKARTA REGION | D125: R21 | E125: ID GREATER JAKARTA REGION | F125: R21-05 | G125: ID Bekasi Area | H125: R21-05 | I125: ID Bekasi Area | J125: R21-05-01 | K125: ID Bekasi Area | N125: 1887881 | O125: PT Bintang Bunut | P125: SMC001 | Q125: Watinah Amalia | R125: Taking Order | S125: W | T125: SMC001-F1 | U125: SMC001-F1 | V125: 3 | W125: 390 | X125: 17AMKN1003 | Y125: 1887881#17AMKN1003 | Z125: TOKO EKA JAYA MART | AA125: 1602 | AB125: Provision | AC125: 160207 | AD125: Small Provision | AE125: Uncategorized | AF125: JL PENGASINAN TENGAH RT005027 NO 20, PENGASINAN BEKASI | AG125: 0 | AH125: -6.2719174 | AI125: 107.01375 | AL125: ="0001887881_"&AM125 -> 0001887881_16AKWY1009 | AM125: 16AKWY1009 | AN125: TOKO NADIA PLASTIK | AO125: Watinah Amalia | AP125: 1
A126: TJourneyPlan | B126: R21 | C126: ID GREATER JAKARTA REGION | D126: R21 | E126: ID GREATER JAKARTA REGION | F126: R21-05 | G126: ID Bekasi Area | H126: R21-05 | I126: ID Bekasi Area | J126: R21-05-01 | K126: ID Bekasi Area | N126: 1887881 | O126: PT Bintang Bunut | P126: SMC001 | Q126: Watinah Amalia | R126: Taking Order | S126: W | T126: SMC001-F1 | U126: SMC001-F1 | V126: 3 | W126: 310 | X126: 17AMKN1004 | Y126: 1887881#17AMKN1004 | Z126: TOKO WANTO | AA126: 1602 | AB126: Provision | AC126: 160207 | AD126: Small Provision | AE126: Uncategorized | AF126: JL PENGASINAN TENGAH RT004027 PENGASINAN | AG126: 0 | AH126: -6.2716178 | AI126: 107.01245 | AL126: ="0001887881_"&AM126 -> 0001887881_16AKXB1002 | AM126: 16AKXB1002 | AN126: TOKO MPE GABUS | AO126: Akbar Sobirin | AP126: 1
A127: TJourneyPlan | B127: R21 | C127: ID GREATER JAKARTA REGION | D127: R21 | E127: ID GREATER JAKARTA REGION | F127: R21-05 | G127: ID Bekasi Area | H127: R21-05 | I127: ID Bekasi Area | J127: R21-05-01 | K127: ID Bekasi Area | N127: 1887881 | O127: PT Bintang Bunut | P127: SMC001 | Q127: Watinah Amalia | R127: Taking Order | S127: W | T127: SMC001-F2 | U127: SMC001-F2 | V127: 3 | W127: 410 | X127: 17AMKN1007 | Y127: 1887881#17AMKN1007 | Z127: TOKO PM MART | AA127: 1602 | AB127: Provision | AC127: 160206 | AD127: Big Provision | AE127: Uncategorized | AF127: JL BOJONG UTAMA RAYA BLOK C27 NO 7 RT003 RW016, PERUM TAMAN NAROGONG INDAH BOJONG RAWALUMBU | AG127: 0 | AH127: -6.2888919 | AI127: 107.00288 | AL127: ="0001887881_"&AM127 -> 0001887881_16AKXC0001 | AM127: 16AKXC0001 | AN127: TOKO PORTAL UMAR | AO127: Eko Prasetyo | AP127: 6
A128: TJourneyPlan | B128: R21 | C128: ID GREATER JAKARTA REGION | D128: R21 | E128: ID GREATER JAKARTA REGION | F128: R21-05 | G128: ID Bekasi Area | H128: R21-05 | I128: ID Bekasi Area | J128: R21-05-01 | K128: ID Bekasi Area | N128: 1887881 | O128: PT Bintang Bunut | P128: SMC001 | Q128: Watinah Amalia | R128: Taking Order | S128: W | T128: SMC001-F2 | U128: SMC001-F2 | V128: 3 | W128: 350 | X128: 17AMKO1001 | Y128: 1887881#17AMKO1001 | Z128: TOKO WA FROZEN | AA128: 1602 | AB128: Provision | AC128: 160207 | AD128: Small Provision | AE128: Uncategorized | AF128: JL BANTAR GEBANG SETU KEL PEDURENAN, KEC MUSTIKA JAYA | AG128: 0 | AH128: -6.3146585 | AI128: 106.99724 | AL128: ="0001887881_"&AM128 -> 0001887881_16AKXC0003 | AM128: 16AKXC0003 | AN128: TOKO BERKAT JAYA | AO128: Eko Prasetyo | AP128: 6
A129: TJourneyPlan | B129: R21 | C129: ID GREATER JAKARTA REGION | D129: R21 | E129: ID GREATER JAKARTA REGION | F129: R21-05 | G129: ID Bekasi Area | H129: R21-05 | I129: ID Bekasi Area | J129: R21-05-01 | K129: ID Bekasi Area | N129: 1887881 | O129: PT Bintang Bunut | P129: SMC001 | Q129: Watinah Amalia | R129: Taking Order | S129: W | T129: SMC001-F2 | U129: SMC001-F2 | V129: 3 | W129: 210 | X129: 17AMKP1001 | Y129: 1887881#17AMKP1001 | Z129: TOKO HI MART | AA129: 1602 | AB129: Provision | AC129: 160207 | AD129: Small Provision | AE129: Uncategorized | AF129: PERUMAHAN BEKASI TIMUR REGENCY, KEL PEDURENAN KEC MUSTIKA JAYA | AG129: 0 | AH129: -6.3255961 | AI129: 107.01089 | AL129: ="0001887881_"&AM129 -> 0001887881_16AKXC0004 | AM129: 16AKXC0004 | AN129: TOKO PONDA | AO129: Eko Prasetyo | AP129: 6
A130: TJourneyPlan | B130: R21 | C130: ID GREATER JAKARTA REGION | D130: R21 | E130: ID GREATER JAKARTA REGION | F130: R21-05 | G130: ID Bekasi Area | H130: R21-05 | I130: ID Bekasi Area | J130: R21-05-01 | K130: ID Bekasi Area | N130: 1887881 | O130: PT Bintang Bunut | P130: SMC001 | Q130: Watinah Amalia | R130: Taking Order | S130: W | T130: SMC001-F2 | U130: SMC001-F2 | V130: 3 | W130: 200 | X130: 17AMKP1002 | Y130: 1887881#17AMKP1002 | Z130: TOKO ADITYA | AA130: 1602 | AB130: Provision | AC130: 160207 | AD130: Small Provision | AE130: Uncategorized | AF130: PERUMAHAN BEKASI TIMUR REGENCY, KEL PEDURENAN KEC MUSTIKA JAYA | AG130: 0 | AH130: -6.3269593 | AI130: 107.01012 | AL130: ="0001887881_"&AM130 -> 0001887881_16AKXC0005 | AM130: 16AKXC0005 | AN130: TOKO ARTOMORO | AO130: Eko Prasetyo | AP130: 6
A131: TJourneyPlan | B131: R21 | C131: ID GREATER JAKARTA REGION | D131: R21 | E131: ID GREATER JAKARTA REGION | F131: R21-05 | G131: ID Bekasi Area | H131: R21-05 | I131: ID Bekasi Area | J131: R21-05-01 | K131: ID Bekasi Area | N131: 1887881 | O131: PT Bintang Bunut | P131: SMC001 | Q131: Watinah Amalia | R131: Taking Order | S131: W | T131: SMC001-F2 | U131: SMC001-F2 | V131: 3 | W131: 380 | X131: 17AMKQ1002 | Y131: 1887881#17AMKQ1002 | Z131: TOKO SULTAN | AA131: 1602 | AB131: Provision | AC131: 160207 | AD131: Small Provision | AE131: Uncategorized | AF131: JL BEKASI TIMUR REGENSI KEL CIMUNING, KEC MUSTIKA JAYA | AG131: 0 | AH131: -6.3331197 | AI131: 107.01714 | AL131: ="0001887881_"&AM131 -> 0001887881_16AKXC0006 | AM131: 16AKXC0006 | AN131: TOKO PANJI | AO131: Eko Prasetyo | AP131: 6
A132: TJourneyPlan | B132: R21 | C132: ID GREATER JAKARTA REGION | D132: R21 | E132: ID GREATER JAKARTA REGION | F132: R21-05 | G132: ID Bekasi Area | H132: R21-05 | I132: ID Bekasi Area | J132: R21-05-01 | K132: ID Bekasi Area | N132: 1887881 | O132: PT Bintang Bunut | P132: SMC001 | Q132: Watinah Amalia | R132: Taking Order | S132: W | T132: SMC001-F2 | U132: SMC001-F2 | V132: 3 | W132: 190 | X132: 17AMKQ1003 | Y132: 1887881#17AMKQ1003 | Z132: TOKO ABADI BTR | AA132: 1602 | AB132: Provision | AC132: 160207 | AD132: Small Provision | AE132: Uncategorized | AF132: JL RAYA BEKASI TIMUR REGENCY, KEL BURANGKENG KEC SETU | AG132: 0 | AH132: -6.3325872 | AI132: 107.01687 | AL132: ="0001887881_"&AM132 -> 0001887881_16AKXC0007 | AM132: 16AKXC0007 | AN132: TOKO NELVIN | AO132: Eko Prasetyo | AP132: 6
A133: TJourneyPlan | B133: R21 | C133: ID GREATER JAKARTA REGION | D133: R21 | E133: ID GREATER JAKARTA REGION | F133: R21-05 | G133: ID Bekasi Area | H133: R21-05 | I133: ID Bekasi Area | J133: R21-05-01 | K133: ID Bekasi Area | N133: 1887881 | O133: PT Bintang Bunut | P133: SMC001 | Q133: Watinah Amalia | R133: Taking Order | S133: W | T133: SMC001-F2 | U133: SMC001-F2 | V133: 3 | W133: 390 | X133: 17AMKR1002 | Y133: 1887881#17AMKR1002 | Z133: TOKO PRINCESS | AA133: 1602 | AB133: Provision | AC133: 160207 | AD133: Small Provision | AE133: Uncategorized | AF133: PERUM BEKASI TIMUR REGENCY BLOK T1 NO 3 | AG133: 0 | AH133: -6.3390035 | AI133: 107.0165 | AL133: ="0001887881_"&AM133 -> 0001887881_16AKXC1003 | AM133: 16AKXC1003 | AN133: RIZKY ABADI | AO133: Tuan Suhanda | AP133: 6
A134: TJourneyPlan | B134: R21 | C134: ID GREATER JAKARTA REGION | D134: R21 | E134: ID GREATER JAKARTA REGION | F134: R21-05 | G134: ID Bekasi Area | H134: R21-05 | I134: ID Bekasi Area | J134: R21-05-01 | K134: ID Bekasi Area | N134: 1887881 | O134: PT Bintang Bunut | P134: SMC001 | Q134: Watinah Amalia | R134: Taking Order | S134: W | T134: SMC001-F2 | U134: SMC001-F2 | V134: 5 | W134: 280 | X134: 17AMKR1004 | Y134: 1887881#17AMKR1004 | Z134: TOKO SALSA | AA134: 1602 | AB134: Provision | AC134: 160207 | AD134: Small Provision | AE134: Uncategorized | AF134: JL KENARI RT012004 KEL DUREN JAYA, KEC BEKASI TIMUR | AG134: 0 | AH134: -6.2451254 | AI134: 107.02432 | AL134: ="0001887881_"&AM134 -> 0001887881_16AKXC1006 | AM134: 16AKXC1006 | AN134: TOKO SLAMET | AO134: Watinah Amalia | AP134: 5
... A136: TJourneyPlan | B136: R21 | C136: ID GREATER JAKARTA REGION | D136: R21 | E136: ID GREATER JAKARTA REGION | F136: R21-05 | G136: ID Bekasi Area | H136: R21-05 | I136: ID Bekasi Area | J136: R21-05-01 | K136: ID Bekasi Area | N136: 1887881 | O136: PT Bintang Bunut | P136: SMC001 | Q136: Watinah Amalia | R136: Taking Order | S136: W | T136: SMC001-F2 | U136: SMC001-F2 | V136: 5 | W136: 200 | X136: 17AMKR1006 | Y136: 1887881#17AMKR1006 | Z136: TOKO BANG JALI | AA136: 1602 | AB136: Provision | AC136: 160207 | AD136: Small Provision | AE136: Uncategorized | AF136: JL LAPAS BEKASI 12 RT 0501 AREN JAYA BEKASI TIMUR | AG136: 0 | AH136: -6.2470199 | AI136: 107.02674 | AL136: ="0001887881_"&AM136 -> 0001887881_16AKXC1013 | AM136: 16AKXC1013 | AN136: TOKO PINTU AIR | AO136: Eko Prasetyo | AP136: 6
A137: TJourneyPlan | B137: R21 | C137: ID GREATER JAKARTA REGION | D137: R21 | E137: ID GREATER JAKARTA REGION | F137: R21-05 | G137: ID Bekasi Area | H137: R21-05 | I137: ID Bekasi Area | J137: R21-05-01 | K137: ID Bekasi Area | N137: 1887881 | O137: PT Bintang Bunut | P137: SMC001 | Q137: Watinah Amalia | R137: Taking Order | S137: W | T137: SMC001-F2 | U137: SMC001-F2 | V137: 6 | W137: 350 | X137: 20079 | Y137: 1887881#20079 | Z137: TOKO SYARIF | AA137: 1602 | AB137: Provision | AC137: 160207 | AD137: Small Provision | AE137: Uncategorized | AF137: JL PERUMAHAN BALI INDAH RW 020, HARAPAN MULYA | AG137: 0 | AH137: -6.1249617 | AI137: 106.99276 | AL137: ="0001887881_"&AM137 -> 0001887881_16AKXC1014 | AM137: 16AKXC1014 | AN137: TOKO BU KOKO | AO137: Akbar Sobirin | AP137: 6
A138: TJourneyPlan | B138: R21 | C138: ID GREATER JAKARTA REGION | D138: R21 | E138: ID GREATER JAKARTA REGION | F138: R21-05 | G138: ID Bekasi Area | H138: R21-05 | I138: ID Bekasi Area | J138: R21-05-01 | K138: ID Bekasi Area | N138: 1887881 | O138: PT Bintang Bunut | P138: SMC001 | Q138: Watinah Amalia | R138: Taking Order | S138: W | T138: SMC001-F2 | U138: SMC001-F2 | V138: 1 | W138: 200 | X138: 20121 | Y138: 1887881#20121 | Z138: TOKO RIZKY SNACK | AA138: 1602 | AB138: Provision | AC138: 160207 | AD138: Small Provision | AE138: Uncategorized | AF138: JL PISANGAN RAYA SRIAMUR TAMBUN UTARA | AG138: 0 | AH138: -6.2060368 | AI138: 107.04014 | AL138: ="0001887881_"&AM138 -> 0001887881_16AKXC1015 | AM138: 16AKXC1015 | AN138: TOKO NURMAYA | AO138: Akbar Sobirin | AP138: 6
A139: TJourneyPlan | B139: R21 | C139: ID GREATER JAKARTA REGION | D139: R21 | E139: ID GREATER JAKARTA REGION | F139: R21-05 | G139: ID Bekasi Area | H139: R21-05 | I139: ID Bekasi Area | J139: R21-05-01 | K139: ID Bekasi Area | N139: 1887881 | O139: PT Bintang Bunut | P139: SMC001 | Q139: Watinah Amalia | R139: Taking Order | S139: W | T139: SMC001-F2 | U139: SMC001-F2 | V139: 5 | W139: 450 | X139: 20132 | Y139: 1887881#20132 | Z139: ES TELER ARUNIKA | AA139: 1602 | AB139: Provision | AC139: 160207 | AD139: Small Provision | AE139: Uncategorized | AF139: Jl Mekar Sari No30 RT003RW003 Bekasi Jaya, Kec Bekasi Tim Kota Bks Jawa Barat 17112 Indo, nesia | AG139: 0 | AH139: -6.2416714 | AI139: 107.0117 | AL139: ="0001887881_"&AM139 -> 0001887881_16AKXC1016 | AM139: 16AKXC1016 | AN139: TOKO LATIEF | AO139: Akbar Sobirin | AP139: 6
A140: TJourneyPlan | B140: R21 | C140: ID GREATER JAKARTA REGION | D140: R21 | E140: ID GREATER JAKARTA REGION | F140: R21-05 | G140: ID Bekasi Area | H140: R21-05 | I140: ID Bekasi Area | J140: R21-05-01 | K140: ID Bekasi Area | N140: 1887881 | O140: PT Bintang Bunut | P140: SMC001 | Q140: Watinah Amalia | R140: Taking Order | S140: W | T140: SMC001-F1 | U140: SMC001-F1 | V140: 1 | W140: 170 | X140: 20191 | Y140: 1887881#20191 | Z140: TOKO ERIK | AA140: 1602 | AB140: Provision | AC140: 160207 | AD140: Small Provision | AE140: Uncategorized | AF140: VILLA MUTIARA GADING 3 BLOK J2 NO 21C, RT002012 KEC BABELAN KEL BABELAN | AG140: 0 | AH140: -6.1924756 | AI140: 107.0337 | AL140: ="0001887881_"&AM140 -> 0001887881_16AKXC1017 | AM140: 16AKXC1017 | AN140: TOKO AVRIAL | AO140: Akbar Sobirin | AP140: 6
A141: TJourneyPlan | B141: R21 | C141: ID GREATER JAKARTA REGION | D141: R21 | E141: ID GREATER JAKARTA REGION | F141: R21-05 | G141: ID Bekasi Area | H141: R21-05 | I141: ID Bekasi Area | J141: R21-05-01 | K141: ID Bekasi Area | N141: 1887881 | O141: PT Bintang Bunut | P141: SMC001 | Q141: Watinah Amalia | R141: Taking Order | S141: W | T141: SMC001-F2 | U141: SMC001-F2 | V141: 6 | W141: 640 | X141: 20804 | Y141: 1887881#20804 | Z141: TOKO SEMBAKO AZMI | AA141: 1602 | AB141: Provision | AC141: 160207 | AD141: Small Provision | AE141: Uncategorized | AF141: Jl Ps Bojong Lama Taruma No100 Segarajaya Kec, Tarumajaya Kabupaten Bekasi Jawa Barat 17218, Indonesia | AG141: 0 | AH141: -6.1106387 | AI141: 107.02078 | AL141: ="0001887881_"&AM141 -> 0001887881_16AKXC1018 | AM141: 16AKXC1018 | AN141: TOKO SRIE REZEKI | AO141: Akbar Sobirin | AP141: 6
A142: TJourneyPlan | B142: R21 | C142: ID GREATER JAKARTA REGION | D142: R21 | E142: ID GREATER JAKARTA REGION | F142: R21-05 | G142: ID Bekasi Area | H142: R21-05 | I142: ID Bekasi Area | J142: R21-05-01 | K142: ID Bekasi Area | N142: 1887881 | O142: PT Bintang Bunut | P142: SMC001 | Q142: Watinah Amalia | R142: Taking Order | S142: W | T142: SMC001-F2 | U142: SMC001-F2 | V142: 2 | W142: 100 | X142: 35190 | Y142: 1887881#35190 | Z142: TOKO PD UJANG | AA142: 1602 | AB142: Provision | AC142: 160207 | AD142: Small Provision | AE142: Uncategorized | AF142: JL KIMNAGUN SARKORO KEL BEKASI JAYA, KEC BEKASI TIMUR | AG142: 0 | AH142: -6.2390312 | AI142: 107.00606 | AL142: ="0001887881_"&AM142 -> 0001887881_16AKXD0001 | AM142: 16AKXD0001 | AN142: TOKO MEGA JAYA | AO142: Eko Prasetyo | AP142: 6
A143: TJourneyPlan | B143: R21 | C143: ID GREATER JAKARTA REGION | D143: R21 | E143: ID GREATER JAKARTA REGION | F143: R21-05 | G143: ID Bekasi Area | H143: R21-05 | I143: ID Bekasi Area | J143: R21-05-01 | K143: ID Bekasi Area | N143: 1887881 | O143: PT Bintang Bunut | P143: SMC001 | Q143: Watinah Amalia | R143: Taking Order | S143: W | T143: SMC001-F2 | U143: SMC001-F2 | V143: 5 | W143: 530 | X143: 35286 | Y143: 1887881#35286 | Z143: TOKO IQBAL | AA143: 1602 | AB143: Provision | AC143: 160207 | AD143: Small Provision | AE143: Uncategorized | AF143: KARANG SATRIA PERUM MUSTIKA RAYA, KEC TAMBUN UTARA | AG143: 0 | AH143: -6.2321542 | AI143: 107.04442 | AL143: ="0001887881_"&AM143 -> 0001887881_16AKXD0002 | AM143: 16AKXD0002 | AN143: TOKO SAMPORNA | AO143: Eko Prasetyo | AP143: 6
A144: TJourneyPlan | B144: R21 | C144: ID GREATER JAKARTA REGION | D144: R21 | E144: ID GREATER JAKARTA REGION | F144: R21-05 | G144: ID Bekasi Area | H144: R21-05 | I144: ID Bekasi Area | J144: R21-05-01 | K144: ID Bekasi Area | N144: 1887881 | O144: PT Bintang Bunut | P144: SMC001 | Q144: Watinah Amalia | R144: Taking Order | S144: W | T144: SMC001-F1 | U144: SMC001-F1 | V144: 2 | W144: 140 | X144: 35301 | Y144: 1887881#35301 | Z144: TOKO MAJU IMAM | AA144: 1602 | AB144: Provision | AC144: 160207 | AD144: Small Provision | AE144: Uncategorized | AF144: JALAN TAMAN ALAMANDA REGENCY RAYA, KEL KARANG SATRIA KEC TAMBUN UTARA | AG144: 0 | AH144: -6.2273573 | AI144: 107.04705 | AL144: ="0001887881_"&AM144 -> 0001887881_16AKXD0017 | AM144: 16AKXD0017 | AN144: TOKO MOGANA PLASTIK | AO144: Eko Prasetyo | AP144: 3
A145: TJourneyPlan | B145: R21 | C145: ID GREATER JAKARTA REGION | D145: R21 | E145: ID GREATER JAKARTA REGION | F145: R21-05 | G145: ID Bekasi Area | H145: R21-05 | I145: ID Bekasi Area | J145: R21-05-01 | K145: ID Bekasi Area | N145: 1887881 | O145: PT Bintang Bunut | P145: SMC001 | Q145: Watinah Amalia | R145: Taking Order | S145: W | T145: SMC001-F1 | U145: SMC001-F1 | V145: 2 | W145: 110 | X145: 35304 | Y145: 1887881#35304 | Z145: TOKO BUDIANTO MADURA | AA145: 1602 | AB145: Provision | AC145: 160207 | AD145: Small Provision | AE145: Uncategorized | AF145: JL ALAMANDA REGENCY KEL KARANG SATRIA, KEC TAMBUN UTARA | AG145: 0 | AH145: -6.2294457 | AI145: 107.04946 | AL145: ="0001887881_"&AM145 -> 0001887881_16AKXD1002 | AM145: 16AKXD1002 | AN145: TOKO AKU JAYA | AO145: Fariq | AP145: 2
A146: TJourneyPlan | B146: R21 | C146: ID GREATER JAKARTA REGION | D146: R21 | E146: ID GREATER JAKARTA REGION | F146: R21-05 | G146: ID Bekasi Area | H146: R21-05 | I146: ID Bekasi Area | J146: R21-05-01 | K146: ID Bekasi Area | N146: 1887881 | O146: PT Bintang Bunut | P146: SMC001 | Q146: Watinah Amalia | R146: Taking Order | S146: W | T146: SMC001-F2 | U146: SMC001-F2 | V146: 1 | W146: 180 | X146: 35327 | Y146: 1887881#35327 | Z146: TOKO VITO ALBY | AA146: 1602 | AB146: Provision | AC146: 160207 | AD146: Small Provision | AE146: Uncategorized | AF146: PERUM GRIYA KOTA BEKASI 2, TAMBUN UTARA | AG146: 0 | AH146: -6.1927871 | AI146: 107.04788 | AL146: ="0001887881_"&AM146 -> 0001887881_16AKXD1004 | AM146: 16AKXD1004 | AN146: TOKO BERSAMA | AO146: Fariq | AP146: 5
A147: TJourneyPlan | B147: R21 | C147: ID GREATER JAKARTA REGION | D147: R21 | E147: ID GREATER JAKARTA REGION | F147: R21-05 | G147: ID Bekasi Area | H147: R21-05 | I147: ID Bekasi Area | J147: R21-05-01 | K147: ID Bekasi Area | N147: 1887881 | O147: PT Bintang Bunut | P147: SMC001 | Q147: Watinah Amalia | R147: Taking Order | S147: W | T147: SMC001-F1 | U147: SMC001-F1 | V147: 3 | W147: 180 | X147: 35572 | Y147: 1887881#35572 | Z147: CV. SETIA SEJAHTERA SEDAYA | AA147: 1603 | AB147: Wholesale | AC147: 160305 | AD147: Wholesale Groceries | AE147: Uncategorized | AF147: Jl Setiadarma 2 No1 Setiadarma Kec Tambun Sel Kabu, paten Bekasi Jawa Barat 17510 Indonesia | AG147: 0 | AH147: -6.2651912 | AI147: 107.05429 | AL147: ="0001887881_"&AM147 -> 0001887881_16AKXD1008 | AM147: 16AKXD1008 | AN147: TOKO SINAR GARUT | AO147: Eko Prasetyo | AP147: 2
A148: TJourneyPlan | B148: R21 | C148: ID GREATER JAKARTA REGION | D148: R21 | E148: ID GREATER JAKARTA REGION | F148: R21-05 | G148: ID Bekasi Area | H148: R21-05 | I148: ID Bekasi Area | J148: R21-05-01 | K148: ID Bekasi Area | N148: 1887881 | O148: PT Bintang Bunut | P148: SMC001 | Q148: Watinah Amalia | R148: Taking Order | S148: W | T148: SMC001-F2 | U148: SMC001-F2 | V148: 1 | W148: 220 | X148: 40112 | Y148: 1887881#40112 | Z148: TOKO RIZKY AMBI | AA148: 1602 | AB148: Provision | AC148: 160207 | AD148: Small Provision | AE148: Uncategorized | AF148: JL PINUS KELURAHAN KEBALEN, KEC BABELAN | AG148: 0 | AH148: -6.1871262 | AI148: 107.03252 | AL148: ="0001887881_"&AM148 -> 0001887881_16AKXD1009 | AM148: 16AKXD1009 | AN148: TOKO AGEN TAMA | AO148: Eko Prasetyo | AP148: 2
... A172: TJourneyPlan | B172: R21 | C172: ID GREATER JAKARTA REGION | D172: R21 | E172: ID GREATER JAKARTA REGION | F172: R21-05 | G172: ID Bekasi Area | H172: R21-05 | I172: ID Bekasi Area | J172: R21-05-01 | K172: ID Bekasi Area | N172: 1887881 | O172: PT Bintang Bunut | P172: SMC001 | Q172: Watinah Amalia | R172: Taking Order | S172: W | T172: SMC001-F1 | U172: SMC001-F1 | V172: 4 | W172: 220 | X172: 99657 | Y172: 1887881#99657 | Z172: TOKO HAFIDZ SNACK | AA172: 1602 | AB172: Provision | AC172: 160207 | AD172: Small Provision | AE172: Uncategorized | AF172: KALIABANG CEGER RT004004 PEJUANG, MEDAN SATRIA BEKASI JAWA BARAT | AG172: 0 | AH172: -6.1902996 | AI172: 106.9902 | AL172: ="0001887881_"&AM172 -> 0001887881_16AKXE0038 | AM172: 16AKXE0038 | AN172: TOKO ANISSA PLASTIK | AO172: Al Setyah Anggun | AP172: 1
A173: TJourneyPlan | B173: R21 | C173: ID GREATER JAKARTA REGION | D173: R21 | E173: ID GREATER JAKARTA REGION | F173: R21-05 | G173: ID Bekasi Area | H173: R21-05 | I173: ID Bekasi Area | J173: R21-05-01 | K173: ID Bekasi Area | N173: 1887881 | O173: PT Bintang Bunut | P173: SMC001 | Q173: Watinah Amalia | R173: Taking Order | S173: W | T173: SMC001-F1 | U173: SMC001-F1 | V173: 2 | W173: 150 | X173: 16AKWV1003 | Y173: 1887881#16AKWV1003 | Z173: TOKO SIMAS | AA173: 1602 | AB173: Provision | AC173: 160207 | AD173: Small Provision | AE173: Uncategorized | AF173: PERUM TAMAN ALAMANDA | AG173: 0 | AH173: -6.221215 | AI173: 107.04393 | AL173: ="0001887881_"&AM173 -> 0001887881_16AKXE0081 | AM173: 16AKXE0081 | AN173: TOKO MITRA LESTARI | AO173: Eko Prasetyo | AP173: 5
A174: TJourneyPlan | B174: R21 | C174: ID GREATER JAKARTA REGION | D174: R21 | E174: ID GREATER JAKARTA REGION | F174: R21-05 | G174: ID Bekasi Area | H174: R21-05 | I174: ID Bekasi Area | J174: R21-05-01 | K174: ID Bekasi Area | N174: 1887881 | O174: PT Bintang Bunut | P174: SMC001 | Q174: Watinah Amalia | R174: Taking Order | S174: W | T174: SMC001-F2 | U174: SMC001-F2 | V174: 2 | W174: 270 | X174: 16AKWV1005 | Y174: 1887881#16AKWV1005 | Z174: TOKO MENARA DUA GROSIR | AA174: 1602 | AB174: Provision | AC174: 160207 | AD174: Small Provision | AE174: Uncategorized | AF174: JL PERUM ALAMANDA REGENCY KARANG SATRIA TAMBUN | AG174: 0 | AH174: -6.23061 | AI174: 107.04931 | AL174: ="0001887881_"&AM174 -> 0001887881_16AKXE0082 | AM174: 16AKXE0082 | AN174: TOKO FADILAH | AO174: Eko Prasetyo | AP174: 6
A175: TJourneyPlan | B175: R21 | C175: ID GREATER JAKARTA REGION | D175: R21 | E175: ID GREATER JAKARTA REGION | F175: R21-05 | G175: ID Bekasi Area | H175: R21-05 | I175: ID Bekasi Area | J175: R21-05-01 | K175: ID Bekasi Area | N175: 1887881 | O175: PT Bintang Bunut | P175: SMC001 | Q175: Watinah Amalia | R175: Taking Order | S175: W | T175: SMC001-F1 | U175: SMC001-F1 | V175: 3 | W175: 100 | X175: 16ANLW1062 | Y175: 1887881#16ANLW1062 | Z175: TOKO BESH MART | AA175: 1602 | AB175: Provision | AC175: 160207 | AD175: Small Provision | AE175: Uncategorized | AF175: JL PUYUH RAYA NO 2 JEMBATAN 3 PONDOK TIMUR INDAH, BEKAIS MUSTIKA JAYA JAWA BARAT | AG175: 0 | AH175: -6.2843067 | AI175: 107.01979 | AL175: ="0001887881_"&AM175 -> 0001887881_16AKXE1001 | AM175: 16AKXE1001 | AN175: TOKO AKIAT | AO175: Tuan Suhanda | AP175: 1
A176: TJourneyPlan | B176: R21 | C176: ID GREATER JAKARTA REGION | D176: R21 | E176: ID GREATER JAKARTA REGION | F176: R21-05 | G176: ID Bekasi Area | H176: R21-05 | I176: ID Bekasi Area | J176: R21-05-01 | K176: ID Bekasi Area | N176: 1887881 | O176: PT Bintang Bunut | P176: SMC001 | Q176: Watinah Amalia | R176: Taking Order | S176: W | T176: SMC001-F1 | U176: SMC001-F1 | V176: 5 | W176: 410 | X176: 16ASNV1016 | Y176: 1887881#16ASNV1016 | Z176: TOKO H RIZAL | AA176: 1602 | AB176: Provision | AC176: 160207 | AD176: Small Provision | AE176: Uncategorized | AF176: JL KH AGUS SALIM NO 10 KEL BEKASI JAYA, KEC BEKASI TIMUR | AG176: 0 | AH176: -6.2259546 | AI176: 107.01346 | AL176: ="0001887881_"&AM176 -> 0001887881_16AKXE1002 | AM176: 16AKXE1002 | AN176: TOKO RAHMA | AO176: Watinah Amalia | AP176: 3
A177: TJourneyPlan | B177: R21 | C177: ID GREATER JAKARTA REGION | D177: R21 | E177: ID GREATER JAKARTA REGION | F177: R21-05 | G177: ID Bekasi Area | H177: R21-05 | I177: ID Bekasi Area | J177: R21-05-01 | K177: ID Bekasi Area | N177: 1887881 | O177: PT Bintang Bunut | P177: SMC001 | Q177: Watinah Amalia | R177: Taking Order | S177: W | T177: SMC001-F1 | U177: SMC001-F1 | V177: 6 | W177: 500 | X177: 16AKRY1001 | Y177: 1887881#16AKRY1001 | Z177: TOKO HAMADEAN | AA177: 1602 | AB177: Provision | AC177: 160207 | AD177: Small Provision | AE177: Uncategorized | AF177: JL PANGGARUTAN KEL SETIA ASIH, KEC TARUMAJAYA | AG177: 0 | AH177: -6.171617 | AI177: 106.99579 | AL177: ="0001887881_"&AM177 -> 0001887881_16AKXE1003 | AM177: 16AKXE1003 | AN177: TOKO KAYLA SEMBAKO | AO177: Watinah Amalia | AP177: 3
A178: TJourneyPlan | B178: R21 | C178: ID GREATER JAKARTA REGION | D178: R21 | E178: ID GREATER JAKARTA REGION | F178: R21-05 | G178: ID Bekasi Area | H178: R21-05 | I178: ID Bekasi Area | J178: R21-05-01 | K178: ID Bekasi Area | N178: 1887881 | O178: PT Bintang Bunut | P178: SMC001 | Q178: Watinah Amalia | R178: Taking Order | S178: W | T178: SMC001-F1 | U178: SMC001-F1 | V178: 4 | W178: 170 | X178: 16AKRY1002 | Y178: 1887881#16AKRY1002 | Z178: TOKO YONO DUA | AA178: 1602 | AB178: Provision | AC178: 160207 | AD178: Small Provision | AE178: Uncategorized | AF178: Jl Mutiara Gading City Setia Asih Kec Tarumaja, ya Kabupaten Bekasi Jawa Barat 17215 Indonesia, KEL SETIA ASIH | AG178: 0 | AH178: -6.1629362 | AI178: 107.00676 | AL178: ="0001887881_"&AM178 -> 0001887881_16AKXE1006 | AM178: 16AKXE1006 | AN178: TOKO MAS JOKO | AO178: Watinah Amalia | AP178: 3
A179: TJourneyPlan | B179: R21 | C179: ID GREATER JAKARTA REGION | D179: R21 | E179: ID GREATER JAKARTA REGION | F179: R21-05 | G179: ID Bekasi Area | H179: R21-05 | I179: ID Bekasi Area | J179: R21-05-01 | K179: ID Bekasi Area | N179: 1887881 | O179: PT Bintang Bunut | P179: SMC001 | Q179: Watinah Amalia | R179: Taking Order | S179: W | T179: SMC001-F1 | U179: SMC001-F1 | V179: 6 | W179: 480 | X179: 16AKRY1004 | Y179: 1887881#16AKRY1004 | Z179: TOKO FADHILAH DUA BELAS | AA179: 1602 | AB179: Provision | AC179: 160207 | AD179: Small Provision | AE179: Uncategorized | AF179: PERUM HARAPAN MULYA TARUMAJAYA | AG179: 0 | AH179: -6.1330983 | AI179: 106.9928 | AL179: ="0001887881_"&AM179 -> 0001887881_16AKXE1007 | AM179: 16AKXE1007 | AN179: TOKO DUNIA PLASTIK | AO179: Watinah Amalia | AP179: 3
A180: TJourneyPlan | B180: R21 | C180: ID GREATER JAKARTA REGION | D180: R21 | E180: ID GREATER JAKARTA REGION | F180: R21-05 | G180: ID Bekasi Area | H180: R21-05 | I180: ID Bekasi Area | J180: R21-05-01 | K180: ID Bekasi Area | N180: 1887881 | O180: PT Bintang Bunut | P180: SMC001 | Q180: Watinah Amalia | R180: Taking Order | S180: W | T180: SMC001-F1 | U180: SMC001-F1 | V180: 6 | W180: 460 | X180: 16AKRY1006 | Y180: 1887881#16AKRY1006 | Z180: TOKO APOTIK MIKA FARMA | AA180: 1602 | AB180: Provision | AC180: 160207 | AD180: Small Provision | AE180: Uncategorized | AF180: Jl Taruma Jaya Setiamulya Kec Tarumajaya Kabu, paten Bekasi Jawa Barat 17213 Indonesia | AG180: 0 | AH180: -6.1290554 | AI180: 106.99129 | AL180: ="0001887881_"&AM180 -> 0001887881_16AKXE1012 | AM180: 16AKXE1012 | AN180: TOKO WARUNG MADURA | AO180: Eko Prasetyo | AP180: 6
...

Sheet Treshold
A1: Treshold/ Minimum Transaksi Per Toko
A2: Take the highest SKU in Value/ Pcs
A3: Price/ Pcs/Dsp | B3: Loc Prod L5 | C3: Qty (Pcs/Renceng) | D3: Value Treshold Gross | E3: Value Treshold NPS
A4: 8830.33 | B4: Bear Brand STM 189ml SP | C4: 3 | D4: =C4*A4 -> 26490.99 | E4: =D4/1.056 -> 25086.165
A5: 32570.38 | B5: Dancow Instant Sich | C5: 1 | D5: =C5*A5 -> 32570.38 | E5: =D5/1.056 -> 30843.163
A6: 16779.4 | B6: Milo Tonic Sich | C6: 1 | D6: =C6*A6 -> 16779.4 | E6: =D6/1.056 -> 15889.583
A7: 4418.64 | B7: Milo UHT | C7: 3 | D7: =C7*A7 -> 13255.92 | E7: =D7/1.056 -> 12552.955

Sheet Export
A1: Calendar[Year] | B1: Calendar[Month] | C1: Calendar[MONTH_NUM] | D1: Shipto[Sales Area] | E1: Shipto[Shipto-name] | F1: SKU[Local parent-descr] | G1: SKU[SKU-descr] | H1: Channel[New channel L3 name] | I1: Outlet[Outlet code] | J1: Outlet[Outlet name] | K1: Salesman[Salesman code] | L1: Salesman[Salesman name] | M1: SKU[Local prod hier L1] | N1: SKU[Local prod hier L2] | O1: SKU[Local prod hier L3] | P1: SKU[Local prod hier L4] | Q1: SKU[Local prod hier L5] | R1: Channel[Channel L2 name] | S1: [Sellout2]
A2: 2026 | B2: Oct | C2: 10 | D2: Bekasi Area | E2: 1887881 - PT Bintang Bunut - Bekasi | F2: 12102750 - NESCAFE CLASSIC SICh Era 60(10x2g) ID | G2: 12102750 - NESCAFE CLASSIC SICh Era 60(10x2g) ID | H2: Big Provision | I2: 0001887881_50166 | J2: TOKO MM GRESSCO | K2: 1887881_SMC003 | L2: Abdul | M2: Coffee | N2: Nescafe Classic | O2: Nescafe Classic | P2: Nescafe Classic Pbg | Q2: Nescafe Classic Pbg | R2: Provision | S2: 1190395.8
A3: 2026 | B3: Oct | C3: 10 | D3: Bekasi Area | E3: 1887881 - PT Bintang Bunut - Bekasi | F3: 12102750 - NESCAFE CLASSIC SICh Era 60(10x2g) ID | G3: 12102750 - NESCAFE CLASSIC SICh Era 60(10x2g) ID | H3: Big Provision | I3: 0001887881_50223 | J3: TOKO UMMUM MART | K3: 1887881_SMC003 | L3: Abdul | M3: Coffee | N3: Nescafe Classic | O3: Nescafe Classic | P3: Nescafe Classic Pbg | Q3: Nescafe Classic Pbg | R3: Provision | S3: 119039.58
A4: 2026 | B4: Oct | C4: 10 | D4: Bekasi Area | E4: 1887881 - PT Bintang Bunut - Bekasi | F4: 12102750 - NESCAFE CLASSIC SICh Era 60(10x2g) ID | G4: 12102750 - NESCAFE CLASSIC SICh Era 60(10x2g) ID | H4: Big Provision | I4: 0001887881_60018 | J4: BRIGSTONE DUA | K4: 1887881_SMC002 | L4: TUAN SUHANDA | M4: Coffee | N4: Nescafe Classic | O4: Nescafe Classic | P4: Nescafe Classic Pbg | Q4: Nescafe Classic Pbg | R4: Provision | S4: 595197.92
A5: 2026 | B5: Oct | C5: 10 | D5: Bekasi Area | E5: 1887881 - PT Bintang Bunut - Bekasi | F5: 12102750 - NESCAFE CLASSIC SICh Era 60(10x2g) ID | G5: 12102750 - NESCAFE CLASSIC SICh Era 60(10x2g) ID | H5: Big Provision | I5: 0001887881_70242 | J5: KOPKAR PT BRAJA MUKTI CAKRA | K5: 1887881_SMC003 | L5: Abdul | M5: Coffee | N5: Nescafe Classic | O5: Nescafe Classic | P5: Nescafe Classic Pbg | Q5: Nescafe Classic Pbg | R5: Provision | S5: 198399.31
A6: 2026 | B6: Oct | C6: 10 | D6: Bekasi Area | E6: 1887881 - PT Bintang Bunut - Bekasi | F6: 12102750 - NESCAFE CLASSIC SICh Era 60(10x2g) ID | G6: 12102750 - NESCAFE CLASSIC SICh Era 60(10x2g) ID | H6: Business & Government | I6: 0001887881_17ANLW0043 | J6: KOPERASI KARYAWAN PERMATA SEJAHTERA | K6: 1887881_MTS001 | L6: Ajeng | M6: Coffee | N6: Nescafe Classic | O6: Nescafe Classic | P6: Nescafe Classic Pbg | Q6: Nescafe Classic Pbg | R6: Institution & Entertaiment | S6: 1785593.8
A7: 2026 | B7: Oct | C7: 10 | D7: Bekasi Area | E7: 1887881 - PT Bintang Bunut - Bekasi | F7: 12102750 - NESCAFE CLASSIC SICh Era 60(10x2g) ID | G7: 12102750 - NESCAFE CLASSIC SICh Era 60(10x2g) ID | H7: Canteen & cafetaria | I7: 0001887881_17AKXC1050 | J7: KANTIN TUTTI | K7: 1887881_TFC003 | L7: Rifki Rian Sakti | M7: Coffee | N7: Nescafe Classic | O7: Nescafe Classic | P7: Nescafe Classic Pbg | Q7: Nescafe Classic Pbg | R7: Mobility | S7: 9919.9621
A8: 2026 | B8: Oct | C8: 10 | D8: Bekasi Area | E8: 1887881 - PT Bintang Bunut - Bekasi | F8: 12102750 - NESCAFE CLASSIC SICh Era 60(10x2g) ID | G8: 12102750 - NESCAFE CLASSIC SICh Era 60(10x2g) ID | H8: Canteen & cafetaria | I8: 0001887881_17AKXE1022 | J8: STARLING NUR ALIM | K8: 1887881_TFC003 | L8: Rifki Rian Sakti | M8: Coffee | N8: Nescafe Classic | O8: Nescafe Classic | P8: Nescafe Classic Pbg | Q8: Nescafe Classic Pbg | R8: Mobility | S8: 49599.83
A9: 2026 | B9: Oct | C9: 10 | D9: Bekasi Area | E9: 1887881 - PT Bintang Bunut - Bekasi | F9: 12102750 - NESCAFE CLASSIC SICh Era 60(10x2g) ID | G9: 12102750 - NESCAFE CLASSIC SICh Era 60(10x2g) ID | H9: Canteen & cafetaria | I9: 0001887881_17AKXE1023 | J9: STARLING CILOK | K9: 1887881_TFC003 | L9: Rifki Rian Sakti | M9: Coffee | N9: Nescafe Classic | O9: Nescafe Classic | P9: Nescafe Classic Pbg | Q9: Nescafe Classic Pbg | R9: Mobility | S9: 39679.858
A10: 2026 | B10: Oct | C10: 10 | D10: Bekasi Area | E10: 1887881 - PT Bintang Bunut - Bekasi | F10: 12102750 - NESCAFE CLASSIC SICh Era 60(10x2g) ID | G10: 12102750 - NESCAFE CLASSIC SICh Era 60(10x2g) ID | H10: Canteen & cafetaria | I10: 0001887881_17ALWU1025 | J10: Teh ega | K10: 1887881_TFC003 | L10: Rifki Rian Sakti | M10: Coffee | N10: Nescafe Classic | O10: Nescafe Classic | P10: Nescafe Classic Pbg | Q10: Nescafe Classic Pbg | R10: Mobility | S10: 29759.896
A11: 2026 | B11: Oct | C11: 10 | D11: Bekasi Area | E11: 1887881 - PT Bintang Bunut - Bekasi | F11: 12102750 - NESCAFE CLASSIC SICh Era 60(10x2g) ID | G11: 12102750 - NESCAFE CLASSIC SICh Era 60(10x2g) ID | H11: Canteen & cafetaria | I11: 0001887881_17ALWU1026 | J11: TEH YANTI | K11: 1887881_TFC003 | L11: Rifki Rian Sakti | M11: Coffee | N11: Nescafe Classic | O11: Nescafe Classic | P11: Nescafe Classic Pbg | Q11: Nescafe Classic Pbg | R11: Mobility | S11: 19839.934
A12: 2026 | B12: Oct | C12: 10 | D12: Bekasi Area | E12: 1887881 - PT Bintang Bunut - Bekasi | F12: 12102750 - NESCAFE CLASSIC SICh Era 60(10x2g) ID | G12: 12102750 - NESCAFE CLASSIC SICh Era 60(10x2g) ID | H12: Canteen & cafetaria | I12: 0001887881_17ALWU1043 | J12: KANTIN SEBELAS | K12: 1887881_TFC004 | L12: Dedih | M12: Coffee | N12: Nescafe Classic | O12: Nescafe Classic | P12: Nescafe Classic Pbg | Q12: Nescafe Classic Pbg | R12: Mobility | S12: 49599.83
A13: 2026 | B13: Oct | C13: 10 | D13: Bekasi Area | E13: 1887881 - PT Bintang Bunut - Bekasi | F13: 12102750 - NESCAFE CLASSIC SICh Era 60(10x2g) ID | G13: 12102750 - NESCAFE CLASSIC SICh Era 60(10x2g) ID | H13: Canteen & cafetaria | I13: 0001887881_17ALWU1047 | J13: kantin tiga | K13: 1887881_TFC004 | L13: Dedih | M13: Coffee | N13: Nescafe Classic | O13: Nescafe Classic | P13: Nescafe Classic Pbg | Q13: Nescafe Classic Pbg | R13: Mobility | S13: 49599.83
... A4891: 2026 | B4891: Oct | C4891: 10 | D4891: Bekasi Area | E4891: 1887881 - PT Bintang Bunut - Bekasi | F4891: 8109004 - BEAR BRAND RTD Milk Tin 30x189ml ID | G4891: 8109004 - BEAR BRAND RTD Milk Tin 30x189ml ID | H4891: Wholesale RTD | I4891: 0001887881_16ARBL0001 | J4891: TOKO MAJALENGKA | K4891: 1887881_SMC007 | L4891: Eko Prasetyo | M4891: Adult Dairy | N4891: Bear Brand | O4891: Bear Brand STM | P4891: Bear Brand STM 189ml | Q4891: Bear Brand STM 189ml SP | R4891: Wholesale | S4891: 2508617.4

Sheet Export Details
A1: Data connected to Power BI: Click refresh to update.
A2: Applied filters: Shipto-name is 1887881 - PT Bintang Bunut - Bekasi Month is Oct, Nov, or Dec Year is 2026 Business group is not (Blank) or Sundry/Others
